Parent_ASIN,Child_ASIN,Title,SKU,Sessions_Mobile_App,Sessions_Mobile_APP_B2B,Sessions_Browser,Sessions_Browser_B2B,Sessions_Total,Sessions_Total_B2B,Session_Percentage_Mobile_App,Session_Percentage_Browser,Session_Percentage_Total,Page_Views_Mobile_App,Page_Views_Browser,Page_Views_Total,Page_Views_Mobile_APP_B2B,Page_Views_Browser_B2B,Page_Views_Total_B2B,Page_Views_Percentage_Mobile_App,Page_Views_Percentage_Browser,Page_Views_Percentage_Total,Page_Views_Percentage_Mobile_App_B2B,Page_Views_Percentage_Browser_B2B,Page_Views_Percentage_Total_B2B,Session_Percentage_Mobile_APP_B2B,Session_Percentage_Browser_B2B,Session_Percentage_Total_B2B,Featured_Offer_Buy_Box_Percentage,Featured_Offer_Buy_Box_Percentage_B2B,Units_Ordered,Units_Ordered_B2B,Unit_Session_Percentage,Unit_Session_Percentage_B2B,Ordered_Product_Sales,Ordered_Product_Sales_B2B,Total_Order_Items,Total_Order_Items_B2B,Report_Date
B0SYNTH0000,B0SYNTH0000,Halley Home & Kitchen Product 1 - Premium Quality,HAL-SYN-0000,290,0,455,0,746,0,39.0,61.0,100.0,499,782,1282,0,0,0,39.0,61.0,100.0,0,0,0,0,0,0,77.52,0.0,4,0,0.54,0.0,99.96,0.0,4,0,2022-04-04
B0SYNTH0000,B0SYNTH0000,Halley Home & Kitchen Product 1 - Premium Quality,HAL-SYN-0000,573,0,509,0,1083,0,53.0,47.0,100.0,858,761,1620,0,0,0,53.0,47.0,100.0,0,0,0,0,0,0,71.42,0.0,156,0,14.49,0.0,3898.44,0.0,156,0,2023-03-13
B0SYNTH0000,B0SYNTH0000,Halley Home & Kitchen Product 1 - Premium Quality,HAL-SYN-0000,2028,0,1409,0,3438,0,59.0,41.0,100.0,3417,2375,5793,0,0,0,59.0,41.0,100.0,0,0,0,0,0,0,71.48,0.0,37,0,1.08,0.0,924.63,0.0,37,0,2023-11-06
B0SYNTH0000,B0SYNTH0000,Halley Home & Kitchen Product 1 - Premium Quality,HAL-SYN-0000,577,0,271,0,849,0,68.0,32.0,100.0,732,344,1077,0,0,0,68.0,32.0,100.0,0,0,0,0,0,0,32.56,0.0,47,0,5.55,0.0,1174.53,0.0,47,0,2022-09-05
B0SYNTH0000,B0SYNTH0000,Halley Home & Kitchen Product 1 - Premium Quality,HAL-SYN-0000,39,0,68,0,108,0,37.0,63.0,100.0,51,86,138,0,0,0,37.0,63.0,100.0,0,0,0,0,0,0,69.86,0.0,3,0,3.6,0.0,74.97,0.0,3,0,2023-03-06
B0SYNTH0000,B0SYNTH0000,Halley Home & Kitchen Product 1 - Premium Quality,HAL-SYN-0000,100,0,45,0,146,0,69.0,31.0,100.0,157,70,228,0,0,0,69.0,31.0,100.0,0,0,0,0,0,0,6.9,0.0,11,0,8.03,0.0,274.89,0.0,11,0,2022-05-09
B0SYNTH0000,B0SYNTH0000,Halley Home & Kitchen Product 1 - Premium Quality,HAL-SYN-0000,29,0,65,0,95,0,31.0,69.0,100.0,44,97,142,0,0,0,31.0,69.0,100.0,0,0,0,0,0,0,68.57,0.0,1,0,1.59,0.0,24.99,0.0,1,0,2022-12-26
B0SYNTH0000,B0SYNTH0000,Halley Home & Kitchen Product 1 - Premium Quality,HAL-SYN-0000,272,0,167,0,440,0,62.0,38.0,100.0,397,243,641,0,0,0,62.0,38.0,100.0,0,0,0,0,0,0,85.09,0.0,9,0,2.09,0.0,224.91,0.0,9,0,2022-09-12
B0SYNTH0000,B0SYNTH0001,Harveast Grocery Product 2 - Premium Quality,HAR-SYN-0001,36,0,37,0,74,0,49.0,51.0,100.0,49,51,101,0,0,0,49.0,51.0,100.0,0,0,0,0,0,0,41.19,0.0,0,0,0.85,0.0,0.0,0.0,0,0,2023-12-25
B0SYNTH0000,B0SYNTH0001,Harveast Grocery Product 2 - Premium Quality,HAR-SYN-0001,526,0,486,0,1013,0,52.0,48.0,100.0,765,706,1472,0,0,0,52.0,48.0,100.0,0,0,0,0,0,0,62.05,0.0,19,0,1.88,0.0,379.81,0.0,19,0,2023-07-17
B0SYNTH0000,B0SYNTH0001,Harveast Grocery Product 2 - Premium Quality,HAR-SYN-0001,199,0,404,0,604,0,33.0,67.0,100.0,270,549,820,0,0,0,33.0,67.0,100.0,0,0,0,0,0,0,58.86,0.0,19,0,3.27,0.0,379.81,0.0,19,0,2023-12-11
B0SYNTH0000,B0SYNTH0001,Harveast Grocery Product 2 - Premium Quality,HAR-SYN-0001,57,0,26,0,84,0,68.0,32.0,100.0,80,37,118,0,0,0,68.0,32.0,100.0,0,0,0,0,0,0,50.87,0.0,1,0,1.81,0.0,19.99,0.0,1,0,2023-02-27
B0SYNTH0000,B0SYNTH0001,Harveast Grocery Product 2 - Premium Quality,HAR-SYN-0001,138,0,162,0,301,0,46.0,54.0,100.0,242,284,527,0,0,0,46.0,54.0,100.0,0,0,0,0,0,0,20.02,0.0,2,0,0.93,0.0,39.98,0.0,2,0,2023-10-23
B0SYNTH0000,B0SYNTH0001,Harveast Grocery Product 2 - Premium Quality,HAR-SYN-0001,6,0,3,0,10,0,66.0,34.0,100.0,11,5,17,0,0,0,66.0,34.0,100.0,0,0,0,0,0,0,52.13,0.0,0,0,1.86,0.0,0.0,0.0,0,0,2023-07-31
B0SYNTH0000,B0SYNTH0001,Harveast Grocery Product 2 - Premium Quality,HAR-SYN-0001,354,0,657,0,1012,0,35.0,65.0,100.0,459,852,1312,0,0,0,35.0,65.0,100.0,0,0,0,0,0,0,64.13,0.0,1,0,0.18,0.0,19.99,0.0,1,0,2022-07-04
B0SYNTH0000,B0SYNTH0001,Harveast Grocery Product 2 - Premium Quality,HAR-SYN-0001,894,0,793,0,1688,0,53.0,47.0,100.0,1429,1268,2698,0,0,0,53.0,47.0,100.0,0,0,0,0,0,0,45.95,0.0,14,0,0.84,0.0,279.86,0.0,14,0,2023-04-10
B0SYNTH0000,B0SYNTH0002,BioBlas Beauty Product 3 - Premium Quality,BIO-SYN-0002,6,0,3,0,10,0,69.0,31.0,100.0,10,4,15,0,0,0,69.0,31.0,100.0,0,0,0,0,0,0,36.33,0.0,0,0,8.89,0.0,0.0,0.0,0,0,2023-05-08
B0SYNTH0000,B0SYNTH0002,BioBlas Beauty Product 3 - Premium Quality,BIO-SYN-0002,40,0,36,0,77,0,53.0,47.0,100.0,51,45,97,0,0,0,53.0,47.0,100.0,0,0,0,0,0,0,83.46,0.0,0,0,0.05,0.0,0.0,0.0,0,0,2023-11-13
B0SYNTH0000,B0SYNTH0002,BioBlas Beauty Product 3 - Premium Quality,BIO-SYN-0002,35,0,74,0,110,0,32.0,68.0,100.0,46,98,145,0,0,0,32.0,68.0,100.0,0,0,0,0,0,0,21.66,0.0,3,0,2.94,0.0,119.97,0.0,3,0,2023-07-31
B0SYNTH0000,B0SYNTH0002,BioBlas Beauty Product 3 - Premium Quality,BIO-SYN-0002,2622,0,3620,0,6243,0,42.0,58.0,100.0,4320,5967,10288,0,0,0,42.0,58.0,100.0,0,0,0,0,0,0,77.06,0.0,310,0,4.97,0.0,12396.9,0.0,310,0,2023-02-27
B0SYNTH0000,B0SYNTH0002,BioBlas Beauty Product 3 - Premium Quality,BIO-SYN-0002,936,0,1098,0,2035,0,46.0,54.0,100.0,1332,1563,2896,0,0,0,46.0,54.0,100.0,0,0,0,0,0,0,10.13,0.0,14,0,0.69,0.0,559.86,0.0,14,0,2023-08-14
B0SYNTH0000,B0SYNTH0002,BioBlas Beauty Product 3 - Premium Quality,BIO-SYN-0002,74,0,74,0,148,0,50.0,50.0,100.0,89,89,178,0,0,0,50.0,50.0,100.0,0,0,0,0,0,0,31.69,0.0,3,0,2.67,0.0,119.97,0.0,3,0,2022-11-21
B0SYNTH0000,B0SYNTH0002,BioBlas Beauty Product 3 - Premium Quality,BIO-SYN-0002,29,0,28,0,58,0,51.0,49.0,100.0,39,38,78,0,0,0,51.0,49.0,100.0,0,0,0,0,0,0,31.62,0.0,0,0,0.95,0.0,0.0,0.0,0,0,2023-06-05
B0SYNTH0000,B0SYNTH0002,BioBlas Beauty Product 3 - Premium Quality,BIO-SYN-0002,143,0,138,0,282,0,51.0,49.0,100.0,198,190,389,0,0,0,51.0,49.0,100.0,0,0,0,0,0,0,76.2,0.0,22,0,8.07,0.0,879.78,0.0,22,0,2022-05-30
B0SYNTH0003,B0SYNTH0003,OrientTherapy Sports Product 4 - Premium Quality,ORI-SYN-0003,711,0,740,0,1452,0,49.0,51.0,100.0,944,983,1928,0,0,0,49.0,51.0,100.0,0,0,0,0,0,0,33.26,0.0,16,0,1.12,0.0,559.84,0.0,16,0,2022-08-01
B0SYNTH0003,B0SYNTH0003,OrientTherapy Sports Product 4 - Premium Quality,ORI-SYN-0003,50,0,85,0,136,0,37.0,63.0,100.0,76,131,208,0,0,0,37.0,63.0,100.0,0,0,0,0,0,0,42.78,0.0,1,0,0.98,0.0,34.99,0.0,1,0,2023-01-09
B0SYNTH0003,B0SYNTH0003,OrientTherapy Sports Product 4 - Premium Quality,ORI-SYN-0003,103,0,84,0,188,0,55.0,45.0,100.0,177,144,322,0,0,0,55.0,45.0,100.0,0,0,0,0,0,0,30.41,0.0,4,0,2.53,0.0,139.96,0.0,4,0,2022-11-07
B0SYNTH0003,B0SYNTH0003,OrientTherapy Sports Product 4 - Premium Quality,ORI-SYN-0003,213,0,434,0,648,0,33.0,67.0,100.0,341,694,1036,0,0,0,33.0,67.0,100.0,0,0,0,0,0,0,54.24,0.0,16,0,2.52,0.0,559.84,0.0,16,0,2023-06-05
B0SYNTH0003,B0SYNTH0003,OrientTherapy Sports Product 4 - Premium Quality,ORI-SYN-0003,60,0,33,0,94,0,64.0,36.0,100.0,77,43,121,0,0,0,64.0,36.0,100.0,0,0,0,0,0,0,45.66,0.0,10,0,11.24,0.0,349.9,0.0,10,0,2022-10-10
B0SYNTH0003,B0SYNTH0003,OrientTherapy Sports Product 4 - Premium Quality,ORI-SYN-0003,100,0,66,0,167,0,60.0,40.0,100.0,148,99,248,0,0,0,60.0,40.0,100.0,0,0,0,0,0,0,10.78,0.0,3,0,2.1,0.0,104.97,0.0,3,0,2022-09-19
B0SYNTH0003,B0SYNTH0003,OrientTherapy Sports Product 4 - Premium Quality,ORI-SYN-0003,35,0,15,0,51,0,70.0,30.0,100.0,44,18,63,0,0,0,70.0,30.0,100.0,0,0,0,0,0,0,26.94,0.0,4,0,9.19,0.0,139.96,0.0,4,0,2023-11-13
B0SYNTH0003,B0SYNTH0003,OrientTherapy Sports Product 4 - Premium Quality,ORI-SYN-0003,161,0,274,0,436,0,37.0,63.0,100.0,254,432,687,0,0,0,37.0,63.0,100.0,0,0,0,0,0,0,87.55,0.0,16,0,3.67,0.0,559.84,0.0,16,0,2023-05-29
B0SYNTH0003,B0SYNTH0004,JumboJumble Health Product 5 - Premium Quality,JUM-SYN-0004,348,0,187,0,536,0,65.0,35.0,100.0,581,312,894,0,0,0,65.0,35.0,100.0,0,0,0,0,0,0,66.02,0.0,1,0,0.22,0.0,34.99,0.0,1,0,2023-04-03
B0SYNTH0003,B0SYNTH0004,JumboJumble Health Product 5 - Premium Quality,JUM-SYN-0004,28,0,64,0,93,0,31.0,69.0,100.0,46,102,149,0,0,0,31.0,69.0,100.0,0,0,0,0,0,0,54.07,0.0,0,0,0.21,0.0,0.0,0.0,0,0,2023-10-16
B0SYNTH0003,B0SYNTH0004,JumboJumble Health Product 5 - Premium Quality,JUM-SYN-0004,123,0,61,0,185,0,67.0,33.0,100.0,177,87,265,0,0,0,67.0,33.0,100.0,0,0,0,0,0,0,56.34,0.0,3,0,1.8,0.0,104.97,0.0,3,0,2023-02-20
B0SYNTH0003,B0SYNTH0004,JumboJumble Health Product 5 - Premium Quality,JUM-SYN-0004,5,0,4,0,10,0,54.0,46.0,100.0,9,7,17,0,0,0,54.0,46.0,100.0,0,0,0,0,0,0,75.34,0.0,0,0,1.37,0.0,0.0,0.0,0,0,2022-10-17
B0SYNTH0003,B0SYNTH0004,JumboJumble Health Product 5 - Premium Quality,JUM-SYN-0004,583,0,388,0,972,0,60.0,40.0,100.0,744,496,1240,0,0,0,60.0,40.0,100.0,0,0,0,0,0,0,11.75,0.0,28,0,2.89,0.0,979.72,0.0,28,0,2022-11-21
B0SYNTH0003,B0SYNTH0004,JumboJumble Health Product 5 - Premium Quality,JUM-SYN-0004,118,0,96,0,215,0,55.0,45.0,100.0,197,161,359,0,0,0,55.0,45.0,100.0,0,0,0,0,0,0,57.59,0.0,13,0,6.21,0.0,454.87,0.0,13,0,2022-05-23
B0SYNTH0003,B0SYNTH0004,JumboJumble Health Product 5 - Premium Quality,JUM-SYN-0004,457,0,235,0,693,0,66.0,34.0,100.0,726,373,1100,0,0,0,66.0,34.0,100.0,0,0,0,0,0,0,52.67,0.0,15,0,2.18,0.0,524.85,0.0,15,0,2023-04-24
B0SYNTH0003,B0SYNTH0004,JumboJumble Health Product 5 - Premium Quality,JUM-SYN-0004,152,0,101,0,254,0,60.0,40.0,100.0,196,131,328,0,0,0,60.0,40.0,100.0,0,0,0,0,0,0,65.61,0.0,18,0,7.43,0.0,629.82,0.0,18,0,2022-05-09
B0SYNTH0003,B0SYNTH0005,NaturPlus Clothing Product 6 - Premium Quality,NAT-SYN-0005,2974,0,6039,0,9014,0,33.0,67.0,100.0,3720,7554,11275,0,0,0,33.0,67.0,100.0,0,0,0,0,0,0,79.95,0.0,17,0,0.19,0.0,509.83,0.0,17,0,2023-09-18
B0SYNTH0003,B0SYNTH0005,NaturPlus Clothing Product 6 - Premium Quality,NAT-SYN-0005,369,0,190,0,560,0,66.0,34.0,100.0,475,244,720,0,0,0,66.0,34.0,100.0,0,0,0,0,0,0,51.6,0.0,22,0,4.03,0.0,659.78,0.0,22,0,2023-07-10
B0SYNTH0003,B0SYNTH0005,NaturPlus Clothing Product 6 - Premium Quality,NAT-SYN-0005,164,0,128,0,293,0,56.0,44.0,100.0,232,183,416,0,0,0,56.0,44.0,100.0,0,0,0,0,0,0,57.66,0.0,2,0,0.97,0.0,59.98,0.0,2,0,2022-12-12
B0SYNTH0003,B0SYNTH0005,NaturPlus Clothing Product 6 - Premium Quality,NAT-SYN-0005,674,0,791,0,1466,0,46.0,54.0,100.0,996,1170,2167,0,0,0,46.0,54.0,100.0,0,0,0,0,0,0,21.02,0.0,28,0,1.97,0.0,839.72,0.0,28,0,2023-06-19
B0SYNTH0003,B0SYNTH0005,NaturPlus Clothing Product 6 - Premium Quality,NAT-SYN-0005,16,0,9,0,26,0,62.0,38.0,100.0,27,17,45,0,0,0,62.0,38.0,100.0,0,0,0,0,0,0,86.61,0.0,0,0,2.41,0.0,0.0,0.0,0,0,2022-06-06
B0SYNTH0003,B0SYNTH0005,NaturPlus Clothing Product 6 - Premium Quality,NAT-SYN-0005,95,0,132,0,228,0,42.0,58.0,100.0,145,200,346,0,0,0,42.0,58.0,100.0,0,0,0,0,0,0,31.15,0.0,18,0,7.98,0.0,539.82,0.0,18,0,2023-04-24
B0SYNTH0003,B0SYNTH0005,NaturPlus Clothing Product 6 - Premium Quality,NAT-SYN-0005,72,0,95,0,168,0,43.0,57.0,100.0,99,132,232,0,0,0,43.0,57.0,100.0,0,0,0,0,0,0,46.91,0.0,6,0,3.73,0.0,179.94,0.0,6,0,2022-04-25
B0SYNTH0003,B0SYNTH0005,NaturPlus Clothing Product 6 - Premium Quality,NAT-SYN-0005,15,0,7,0,23,0,68.0,32.0,100.0,23,10,34,0,0,0,68.0,32.0,100.0,0,0,0,0,0,0,19.01,0.0,0,0,3.31,0.0,0.0,0.0,0,0,2023-04-10
B0SYNTH0006,B0SYNTH0006,EcoHome Office Product 7 - Premium Quality,ECO-SYN-0006,4134,0,2643,0,6778,0,61.0,39.0,100.0,5301,3389,8691,0,0,0,61.0,39.0,100.0,0,0,0,0,0,0,53.17,0.0,400,0,5.91,0.0,9996.0,0.0,400,0,2023-03-13
B0SYNTH0006,B0SYNTH0006,EcoHome Office Product 7 - Premium Quality,ECO-SYN-0006,69,0,91,0,161,0,43.0,57.0,100.0,111,147,259,0,0,0,43.0,57.0,100.0,0,0,0,0,0,0,54.28,0.0,6,0,3.95,0.0,149.94,0.0,6,0,2023-12-11
B0SYNTH0006,B0SYNTH0006,EcoHome Office Product 7 - Premium Quality,ECO-SYN-0006,17,0,8,0,26,0,69.0,31.0,100.0,26,12,39,0,0,0,69.0,31.0,100.0,0,0,0,0,0,0,59.21,0.0,1,0,5.43,0.0,24.99,0.0,1,0,2023-09-11
B0SYNTH0006,B0SYNTH0006,EcoHome Office Product 7 - Premium Quality,ECO-SYN-0006,87,0,71,0,159,0,55.0,45.0,100.0,107,88,196,0,0,0,55.0,45.0,100.0,0,0,0,0,0,0,64.93,0.0,4,0,3.13,0.0,99.96,0.0,4,0,2023-08-14
B0SYNTH0006,B0SYNTH0006,EcoHome Office Product 7 - Premium Quality,ECO-SYN-0006,46,0,38,0,85,0,55.0,45.0,100.0,81,67,149,0,0,0,55.0,45.0,100.0,0,0,0,0,0,0,39.31,0.0,0,0,0.11,0.0,0.0,0.0,0,0,2023-12-04
B0SYNTH0006,B0SYNTH0006,EcoHome Office Product 7 - Premium Quality,ECO-SYN-0006,164,0,88,0,253,0,65.0,35.0,100.0,255,137,393,0,0,0,65.0,35.0,100.0,0,0,0,0,0,0,36.72,0.0,3,0,1.47,0.0,74.97,0.0,3,0,2023-09-25
B0SYNTH0006,B0SYNTH0006,EcoHome Office Product 7 - Premium Quality,ECO-SYN-0006,28,0,45,0,74,0,39.0,61.0,100.0,50,78,129,0,0,0,39.0,61.0,100.0,0,0,0,0,0,0,24.19,0.0,0,0,1.01,0.0,0.0,0.0,0,0,2023-09-18
B0SYNTH0006,B0SYNTH0006,EcoHome Office Product 7 - Premium Quality,ECO-SYN-0006,1450,0,1922,0,3373,0,43.0,57.0,100.0,1948,2583,4532,0,0,0,43.0,57.0,100.0,0,0,0,0,0,0,66.31,0.0,20,0,0.6,0.0,499.8,0.0,20,0,2023-11-13
B0SYNTH0006,B0SYNTH0007,VitaGreen Baby Product 8 - Premium Quality,VIT-SYN-0007,72,0,103,0,176,0,41.0,59.0,100.0,104,150,255,0,0,0,41.0,59.0,100.0,0,0,0,0,0,0,69.74,0.0,5,0,3.06,0.0,374.95,0.0,5,0,2022-09-19
B0SYNTH0006,B0SYNTH0007,VitaGreen Baby Product 8 - Premium Quality,VIT-SYN-0007,84,0,66,0,151,0,56.0,44.0,100.0,140,109,250,0,0,0,56.0,44.0,100.0,0,0,0,0,0,0,34.43,0.0,6,0,4.51,0.0,449.94,0.0,6,0,2023-02-06
B0SYNTH0006,B0SYNTH0007,VitaGreen Baby Product 8 - Premium Quality,VIT-SYN-0007,347,0,179,0,527,0,66.0,34.0,100.0,446,229,676,0,0,0,66.0,34.0,100.0,0,0,0,0,0,0,52.79,0.0,3,0,0.71,0.0,224.97,0.0,3,0,2023-01-02
B0SYNTH0006,B0SYNTH0007,VitaGreen Baby Product 8 - Premium Quality,VIT-SYN-0007,78,0,49,0,128,0,61.0,39.0,100.0,107,68,176,0,0,0,61.0,39.0,100.0,0,0,0,0,0,0,56.95,0.0,1,0,1.11,0.0,74.99,0.0,1,0,2023-01-23
B0SYNTH0006,B0SYNTH0007,VitaGreen Baby Product 8 - Premium Quality,VIT-SYN-0007,299,0,225,0,525,0,57.0,43.0,100.0,423,319,743,0,0,0,57.0,43.0,100.0,0,0,0,0,0,0,92.78,0.0,7,0,1.36,0.0,524.93,0.0,7,0,2023-07-10
B0SYNTH0006,B0SYNTH0007,VitaGreen Baby Product 8 - Premium Quality,VIT-SYN-0007,10,0,9,0,20,0,52.0,48.0,100.0,14,12,27,0,0,0,52.0,48.0,100.0,0,0,0,0,0,0,79.55,0.0,0,0,3.29,0.0,0.0,0.0,0,0,2023-11-27
B0SYNTH0006,B0SYNTH0007,VitaGreen Baby Product 8 - Premium Quality,VIT-SYN-0007,399,0,245,0,645,0,62.0,38.0,100.0,619,379,999,0,0,0,62.0,38.0,100.0,0,0,0,0,0,0,46.67,0.0,8,0,1.32,0.0,599.92,0.0,8,0,2023-04-03
B0SYNTH0006,B0SYNTH0007,VitaGreen Baby Product 8 - Premium Quality,VIT-SYN-0007,230,0,391,0,622,0,37.0,63.0,100.0,375,640,1016,0,0,0,37.0,63.0,100.0,0,0,0,0,0,0,76.09,0.0,1,0,0.32,0.0,74.99,0.0,1,0,2022-12-05
B0SYNTH0006,B0SYNTH0008,Halley Home & Kitchen Product 9 - Premium Quality,HAL-SYN-0008,263,0,161,0,425,0,62.0,38.0,100.0,375,229,605,0,0,0,62.0,38.0,100.0,0,0,0,0,0,0,12.65,0.0,14,0,3.43,0.0,349.86,0.0,14,0,2022-12-19
B0SYNTH0006,B0SYNTH0008,Halley Home & Kitchen Product 9 - Premium Quality,HAL-SYN-0008,43,0,50,0,94,0,46.0,54.0,100.0,70,82,153,0,0,0,46.0,54.0,100.0,0,0,0,0,0,0,89.04,0.0,2,0,2.62,0.0,49.98,0.0,2,0,2023-10-23
B0SYNTH0006,B0SYNTH0008,Halley Home & Kitchen Product 9 - Premium Quality,HAL-SYN-0008,227,0,111,0,339,0,67.0,33.0,100.0,335,164,500,0,0,0,67.0,33.0,100.0,0,0,0,0,0,0,60.6,0.0,10,0,3.24,0.0,249.9,0.0,10,0,2022-11-07
B0SYNTH0006,B0SYNTH0008,Halley Home & Kitchen Product 9 - Premium Quality,HAL-SYN-0008,636,0,810,0,1447,0,44.0,56.0,100.0,861,1095,1957,0,0,0,44.0,56.0,100.0,0,0,0,0,0,0,53.53,0.0,5,0,0.36,0.0,124.95,0.0,5,0,2022-10-03
B0SYNTH0006,B0SYNTH0008,Halley Home & Kitchen Product 9 - Premium Quality,HAL-SYN-0008,12,0,25,0,38,0,33.0,67.0,100.0,15,32,48,0,0,0,33.0,67.0,100.0,0,0,0,0,0,0,55.16,0.0,0,0,1.72,0.0,0.0,0.0,0,0,2023-09-18
B0SYNTH0006,B0SYNTH0008,Halley Home & Kitchen Product 9 - Premium Quality,HAL-SYN-0008,4,0,5,0,10,0,45.0,55.0,100.0,6,8,15,0,0,0,45.0,55.0,100.0,0,0,0,0,0,0,57.56,0.0,0,0,4.26,0.0,0.0,0.0,0,0,2023-01-30
B0SYNTH0006,B0SYNTH0008,Halley Home & Kitchen Product 9 - Premium Quality,HAL-SYN-0008,399,0,469,0,869,0,46.0,54.0,100.0,495,581,1077,0,0,0,46.0,54.0,100.0,0,0,0,0,0,0,54.65,0.0,10,0,1.25,0.0,249.9,0.0,10,0,2022-09-12
B0SYNTH0006,B0SYNTH0008,Halley Home & Kitchen Product 9 - Premium Quality,HAL-SYN-0008,307,0,188,0,496,0,62.0,38.0,100.0,416,254,671,0,0,0,62.0,38.0,100.0,0,0,0,0,0,0,44.64,0.0,3,0,0.74,0.0,74.97,0.0,3,0,2023-10-30
B0SYNTH0009,B0SYNTH0009,Harveast Grocery Product 10 - Premium Quality,HAR-SYN-0009,68,0,111,0,180,0,38.0,62.0,100.0,83,137,221,0,0,0,38.0,62.0,100.0,0,0,0,0,0,0,53.22,0.0,0,0,0.42,0.0,0.0,0.0,0,0,2023-06-19
B0SYNTH0009,B0SYNTH0009,Harveast Grocery Product 10 - Premium Quality,HAR-SYN-0009,72,0,81,0,154,0,47.0,53.0,100.0,129,145,275,0,0,0,47.0,53.0,100.0,0,0,0,0,0,0,35.26,0.0,3,0,2.12,0.0,269.97,0.0,3,0,2023-05-15
B0SYNTH0009,B0SYNTH0009,Harveast Grocery Product 10 - Premium Quality,HAR-SYN-0009,264,0,224,0,489,0,54.0,46.0,100.0,392,333,726,0,0,0,54.0,46.0,100.0,0,0,0,0,0,0,29.97,0.0,1,0,0.35,0.0,89.99,0.0,1,0,2023-08-07
B0SYNTH0009,B0SYNTH0009,Harveast Grocery Product 10 - Premium Quality,HAR-SYN-0009,302,0,369,0,672,0,45.0,55.0,100.0,384,469,854,0,0,0,45.0,55.0,100.0,0,0,0,0,0,0,40.31,0.0,51,0,7.69,0.0,4589.49,0.0,51,0,2023-09-04
B0SYNTH0009,B0SYNTH0009,Harveast Grocery Product 10 - Premium Quality,HAR-SYN-0009,1145,0,1950,0,3096,0,37.0,63.0,100.0,1622,2763,4386,0,0,0,37.0,63.0,100.0,0,0,0,0,0,0,34.66,0.0,61,0,1.99,0.0,5489.39,0.0,61,0,2022-12-05
B0SYNTH0009,B0SYNTH0009,Harveast Grocery Product 10 - Premium Quality,HAR-SYN-0009,466,0,285,0,752,0,62.0,38.0,100.0,574,351,926,0,0,0,62.0,38.0,100.0,0,0,0,0,0,0,28.82,0.0,68,0,9.14,0.0,6119.32,0.0,68,0,2023-07-03
B0SYNTH0009,B0SYNTH0009,Harveast Grocery Product 10 - Premium Quality,HAR-SYN-0009,367,0,206,0,574,0,64.0,36.0,100.0,501,282,784,0,0,0,64.0,36.0,100.0,0,0,0,0,0,0,22.16,0.0,2,0,0.46,0.0,179.98,0.0,2,0,2023-08-21
B0SYNTH0009,B0SYNTH0009,Harveast Grocery Product 10 - Premium Quality,HAR-SYN-0009,1826,0,1685,0,3512,0,52.0,48.0,100.0,2485,2294,4780,0,0,0,52.0,48.0,100.0,0,0,0,0,0,0,58.72,0.0,81,0,2.33,0.0,7289.19,0.0,81,0,2023-04-10
B0SYNTH0009,B0SYNTH0010,BioBlas Beauty Product 11 - Premium Quality,BIO-SYN-0010,580,0,1353,0,1934,0,30.0,70.0,100.0,813,1898,2712,0,0,0,30.0,70.0,100.0,0,0,0,0,0,0,56.08,0.0,13,0,0.69,0.0,649.87,0.0,13,0,2022-06-27
B0SYNTH0009,B0SYNTH0010,BioBlas Beauty Product 11 - Premium Quality,BIO-SYN-0010,191,0,157,0,349,0,55.0,45.0,100.0,261,214,476,0,0,0,55.0,45.0,100.0,0,0,0,0,0,0,43.15,0.0,2,0,0.83,0.0,99.98,0.0,2,0,2023-12-04
B0SYNTH0009,B0SYNTH0010,BioBlas Beauty Product 11 - Premium Quality,BIO-SYN-0010,64,0,73,0,138,0,47.0,53.0,100.0,86,97,184,0,0,0,47.0,53.0,100.0,0,0,0,0,0,0,34.98,0.0,4,0,3.43,0.0,199.96,0.0,4,0,2023-04-17
B0SYNTH0009,B0SYNTH0010,BioBlas Beauty Product 11 - Premium Quality,BIO-SYN-0010,5,0,4,0,10,0,55.0,45.0,100.0,8,6,15,0,0,0,55.0,45.0,100.0,0,0,0,0,0,0,77.79,0.0,0,0,7.26,0.0,0.0,0.0,0,0,2022-10-03
B0SYNTH0009,B0SYNTH0010,BioBlas Beauty Product 11 - Premium Quality,BIO-SYN-0010,1024,0,1474,0,2499,0,41.0,59.0,100.0,1569,2257,3827,0,0,0,41.0,59.0,100.0,0,0,0,0,0,0,44.86,0.0,19,0,0.77,0.0,949.81,0.0,19,0,2022-05-09
B0SYNTH0009,B0SYNTH0010,BioBlas Beauty Product 11 - Premium Quality,BIO-SYN-0010,195,0,109,0,305,0,64.0,36.0,100.0,251,141,393,0,0,0,64.0,36.0,100.0,0,0,0,0,0,0,78.77,0.0,10,0,3.45,0.0,499.9,0.0,10,0,2023-11-13
B0SYNTH0009,B0SYNTH0010,BioBlas Beauty Product 11 - Premium Quality,BIO-SYN-0010,49,0,46,0,96,0,52.0,48.0,100.0,69,63,133,0,0,0,52.0,48.0,100.0,0,0,0,0,0,0,61.2,0.0,1,0,1.69,0.0,49.99,0.0,1,0,2023-08-21
B0SYNTH0009,B0SYNTH0010,BioBlas Beauty Product 11 - Premium Quality,BIO-SYN-0010,183,0,287,0,471,0,39.0,61.0,100.0,308,483,792,0,0,0,39.0,61.0,100.0,0,0,0,0,0,0,51.65,0.0,24,0,5.23,0.0,1199.76,0.0,24,0,2022-05-23
B0SYNTH0009,B0SYNTH0011,OrientTherapy Sports Product 12 - Premium Quality,ORI-SYN-0011,110,0,73,0,184,0,60.0,40.0,100.0,196,131,328,0,0,0,60.0,40.0,100.0,0,0,0,0,0,0,89.11,0.0,2,0,1.44,0.0,39.98,0.0,2,0,2023-03-13
B0SYNTH0009,B0SYNTH0011,OrientTherapy Sports Product 12 - Premium Quality,ORI-SYN-0011,460,0,663,0,1124,0,41.0,59.0,100.0,687,988,1676,0,0,0,41.0,59.0,100.0,0,0,0,0,0,0,67.81,0.0,27,0,2.49,0.0,539.73,0.0,27,0,2022-10-03
B0SYNTH0009,B0SYNTH0011,OrientTherapy Sports Product 12 - Premium Quality,ORI-SYN-0011,645,0,1253,0,1899,0,34.0,66.0,100.0,1102,2139,3242,0,0,0,34.0,66.0,100.0,0,0,0,0,0,0,25.53,0.0,99,0,5.26,0.0,1979.01,0.0,99,0,2023-07-31
B0SYNTH0009,B0SYNTH0011,OrientTherapy Sports Product 12 - Premium Quality,ORI-SYN-0011,7,0,11,0,19,0,39.0,61.0,100.0,10,17,28,0,0,0,39.0,61.0,100.0,0,0,0,0,0,0,19.7,0.0,0,0,2.33,0.0,0.0,0.0,0,0,2023-10-02
B0SYNTH0009,B0SYNTH0011,OrientTherapy Sports Product 12 - Premium Quality,ORI-SYN-0011,358,0,610,0,969,0,37.0,63.0,100.0,467,795,1263,0,0,0,37.0,63.0,100.0,0,0,0,0,0,0,43.13,0.0,14,0,1.48,0.0,279.86,0.0,14,0,2022-04-18
B0SYNTH0009,B0SYNTH0011,OrientTherapy Sports Product 12 - Premium Quality,ORI-SYN-0011,159,0,249,0,409,0,39.0,61.0,100.0,201,315,517,0,0,0,39.0,61.0,100.0,0,0,0,0,0,0,80.49,0.0,1,0,0.26,0.0,19.99,0.0,1,0,2022-08-22
B0SYNTH0009,B0SYNTH0011,OrientTherapy Sports Product 12 - Premium Quality,ORI-SYN-0011,216,0,325,0,542,0,40.0,60.0,100.0,300,450,750,0,0,0,40.0,60.0,100.0,0,0,0,0,0,0,57.89,0.0,17,0,3.27,0.0,339.83,0.0,17,0,2022-06-20
B0SYNTH0009,B0SYNTH0011,OrientTherapy Sports Product 12 - Premium Quality,ORI-SYN-0011,20,0,17,0,38,0,53.0,47.0,100.0,31,27,59,0,0,0,53.0,47.0,100.0,0,0,0,0,0,0,22.8,0.0,1,0,4.01,0.0,19.99,0.0,1,0,2023-08-28
B0SYNTH0012,B0SYNTH0012,JumboJumble Health Product 13 - Premium Quality,JUM-SYN-0012,76,0,82,0,159,0,48.0,52.0,100.0,125,135,261,0,0,0,48.0,52.0,100.0,0,0,0,0,0,0,15.88,0.0,10,0,6.38,0.0,199.9,0.0,10,0,2023-03-13
B0SYNTH0012,B0SYNTH0012,JumboJumble Health Product 13 - Premium Quality,JUM-SYN-0012,54,0,67,0,122,0,45.0,55.0,100.0,85,105,191,0,0,0,45.0,55.0,100.0,0,0,0,0,0,0,5.68,0.0,10,0,8.72,0.0,199.9,0.0,10,0,2023-05-08
B0SYNTH0012,B0SYNTH0012,JumboJumble Health Product 13 - Premium Quality,JUM-SYN-0012,129,0,157,0,287,0,45.0,55.0,100.0,196,240,437,0,0,0,45.0,55.0,100.0,0,0,0,0,0,0,47.45,0.0,4,0,1.4,0.0,79.96,0.0,4,0,2022-10-10
B0SYNTH0012,B0SYNTH0012,JumboJumble Health Product 13 - Premium Quality,JUM-SYN-0012,4,0,5,0,10,0,41.0,59.0,100.0,6,10,17,0,0,0,41.0,59.0,100.0,0,0,0,0,0,0,38.34,0.0,0,0,2.9,0.0,0.0,0.0,0,0,2022-10-24
B0SYNTH0012,B0SYNTH0012,JumboJumble Health Product 13 - Premium Quality,JUM-SYN-0012,1301,0,1301,0,2603,0,50.0,50.0,100.0,2178,2178,4356,0,0,0,50.0,50.0,100.0,0,0,0,0,0,0,36.11,0.0,49,0,1.92,0.0,979.51,0.0,49,0,2022-06-27
B0SYNTH0012,B0SYNTH0012,JumboJumble Health Product 13 - Premium Quality,JUM-SYN-0012,142,0,136,0,279,0,51.0,49.0,100.0,197,190,388,0,0,0,51.0,49.0,100.0,0,0,0,0,0,0,39.61,0.0,26,0,9.58,0.0,519.74,0.0,26,0,2022-06-13
B0SYNTH0012,B0SYNTH0012,JumboJumble Health Product 13 - Premium Quality,JUM-SYN-0012,18,0,18,0,37,0,50.0,50.0,100.0,29,29,58,0,0,0,50.0,50.0,100.0,0,0,0,0,0,0,43.18,0.0,0,0,1.94,0.0,0.0,0.0,0,0,2023-04-03
B0SYNTH0012,B0SYNTH0012,JumboJumble Health Product 13 - Premium Quality,JUM-SYN-0012,46,0,26,0,73,0,64.0,36.0,100.0,72,41,114,0,0,0,64.0,36.0,100.0,0,0,0,0,0,0,32.24,0.0,8,0,11.54,0.0,159.92,0.0,8,0,2023-05-01
B0SYNTH0012,B0SYNTH0013,NaturPlus Clothing Product 14 - Premium Quality,NAT-SYN-0013,19,0,33,0,53,0,37.0,63.0,100.0,28,47,76,0,0,0,37.0,63.0,100.0,0,0,0,0,0,0,33.01,0.0,0,0,0.11,0.0,0.0,0.0,0,0,2023-02-27
B0SYNTH0012,B0SYNTH0013,NaturPlus Clothing Product 14 - Premium Quality,NAT-SYN-0013,19,0,29,0,49,0,39.0,61.0,100.0,26,42,69,0,0,0,39.0,61.0,100.0,0,0,0,0,0,0,42.07,0.0,0,0,0.04,0.0,0.0,0.0,0,0,2022-08-08
B0SYNTH0012,B0SYNTH0013,NaturPlus Clothing Product 14 - Premium Quality,NAT-SYN-0013,80,0,115,0,196,0,41.0,59.0,100.0,130,188,319,0,0,0,41.0,59.0,100.0,0,0,0,0,0,0,83.53,0.0,4,0,2.26,0.0,99.96,0.0,4,0,2023-12-25
B0SYNTH0012,B0SYNTH0013,NaturPlus Clothing Product 14 - Premium Quality,NAT-SYN-0013,228,0,117,0,346,0,66.0,34.0,100.0,325,167,493,0,0,0,66.0,34.0,100.0,0,0,0,0,0,0,67.75,0.0,90,0,26.25,0.0,2249.1,0.0,90,0,2022-06-06
B0SYNTH0012,B0SYNTH0013,NaturPlus Clothing Product 14 - Premium Quality,NAT-SYN-0013,549,0,295,0,845,0,65.0,35.0,100.0,975,525,1501,0,0,0,65.0,35.0,100.0,0,0,0,0,0,0,72.19,0.0,158,0,18.79,0.0,3948.42,0.0,158,0,2023-09-18
B0SYNTH0012,B0SYNTH0013,NaturPlus Clothing Product 14 - Premium Quality,NAT-SYN-0013,17,0,12,0,30,0,57.0,43.0,100.0,26,19,46,0,0,0,57.0,43.0,100.0,0,0,0,0,0,0,38.75,0.0,0,0,1.29,0.0,0.0,0.0,0,0,2023-12-18
B0SYNTH0012,B0SYNTH0013,NaturPlus Clothing Product 14 - Premium Quality,NAT-SYN-0013,21,0,16,0,38,0,56.0,44.0,100.0,26,20,47,0,0,0,56.0,44.0,100.0,0,0,0,0,0,0,68.65,0.0,0,0,1.9,0.0,0.0,0.0,0,0,2023-12-04
B0SYNTH0012,B0SYNTH0013,NaturPlus Clothing Product 14 - Premium Quality,NAT-SYN-0013,1750,0,1216,0,2967,0,59.0,41.0,100.0,2123,1475,3599,0,0,0,59.0,41.0,100.0,0,0,0,0,0,0,78.36,0.0,293,0,9.89,0.0,7322.07,0.0,293,0,2023-03-06
B0SYNTH0012,B0SYNTH0014,EcoHome Office Product 15 - Premium Quality,ECO-SYN-0014,901,0,464,0,1366,0,66.0,34.0,100.0,1129,582,1712,0,0,0,66.0,34.0,100.0,0,0,0,0,0,0,10.0,0.0,124,0,9.14,0.0,4338.76,0.0,124,0,2023-08-28
B0SYNTH0012,B0SYNTH0014,EcoHome Office Product 15 - Premium Quality,ECO-SYN-0014,54,0,81,0,136,0,40.0,60.0,100.0,72,108,181,0,0,0,40.0,60.0,100.0,0,0,0,0,0,0,32.77,0.0,2,0,1.63,0.0,69.98,0.0,2,0,2023-02-06
B0SYNTH0012,B0SYNTH0014,EcoHome Office Product 15 - Premium Quality,ECO-SYN-0014,153,0,187,0,341,0,45.0,55.0,100.0,275,337,613,0,0,0,45.0,55.0,100.0,0,0,0,0,0,0,36.2,0.0,0,0,0.18,0.0,0.0,0.0,0,0,2023-02-20
B0SYNTH0012,B0SYNTH0014,EcoHome Office Product 15 - Premium Quality,ECO-SYN-0014,70,0,73,0,144,0,49.0,51.0,100.0,91,95,187,0,0,0,49.0,51.0,100.0,0,0,0,0,0,0,68.13,0.0,3,0,2.59,0.0,104.97,0.0,3,0,2023-03-06
B0SYNTH0012,B0SYNTH0014,EcoHome Office Product 15 - Premium Quality,ECO-SYN-0014,1319,0,742,0,2062,0,64.0,36.0,100.0,2094,1177,3272,0,0,0,64.0,36.0,100.0,0,0,0,0,0,0,65.27,0.0,7,0,0.38,0.0,244.93,0.0,7,0,2022-04-18
B0SYNTH0012,B0SYNTH0014,EcoHome Office Product 15 - Premium Quality,ECO-SYN-0014,5,0,4,0,10,0,54.0,46.0,100.0,8,7,16,0,0,0,54.0,46.0,100.0,0,0,0,0,0,0,65.97,0.0,0,0,3.95,0.0,0.0,0.0,0,0,2023-06-12
B0SYNTH0012,B0SYNTH0014,EcoHome Office Product 15 - Premium Quality,ECO-SYN-0014,64,0,36,0,101,0,64.0,36.0,100.0,115,64,180,0,0,0,64.0,36.0,100.0,0,0,0,0,0,0,56.59,0.0,25,0,25.53,0.0,874.75,0.0,25,0,2023-04-24
B0SYNTH0012,B0SYNTH0014,EcoHome Office Product 15 - Premium Quality,ECO-SYN-0014,589,0,719,0,1309,0,45.0,55.0,100.0,975,1192,2168,0,0,0,45.0,55.0,100.0,0,0,0,0,0,0,66.28,0.0,73,0,5.61,0.0,2554.27,0.0,73,0,2023-05-08
B0SYNTH0015,B0SYNTH0015,VitaGreen Baby Product 16 - Premium Quality,VIT-SYN-0015,17,0,35,0,53,0,33.0,67.0,100.0,30,62,93,0,0,0,33.0,67.0,100.0,0,0,0,0,0,0,46.27,0.0,3,0,5.82,0.0,104.97,0.0,3,0,2022-06-20
B0SYNTH0015,B0SYNTH0015,VitaGreen Baby Product 16 - Premium Quality,VIT-SYN-0015,17,0,18,0,36,0,48.0,52.0,100.0,23,25,49,0,0,0,48.0,52.0,100.0,0,0,0,0,0,0,19.06,0.0,1,0,3.31,0.0,34.99,0.0,1,0,2023-12-25
B0SYNTH0015,B0SYNTH0015,VitaGreen Baby Product 16 - Premium Quality,VIT-SYN-0015,330,0,186,0,517,0,64.0,36.0,100.0,451,254,706,0,0,0,64.0,36.0,100.0,0,0,0,0,0,0,61.18,0.0,31,0,6.13,0.0,1084.69,0.0,31,0,2022-08-22
B0SYNTH0015,B0SYNTH0015,VitaGreen Baby Product 16 - Premium Quality,VIT-SYN-0015,560,0,276,0,837,0,67.0,33.0,100.0,749,369,1119,0,0,0,67.0,33.0,100.0,0,0,0,0,0,0,62.51,0.0,18,0,2.25,0.0,629.82,0.0,18,0,2023-10-02
B0SYNTH0015,B0SYNTH0015,VitaGreen Baby Product 16 - Premium Quality,VIT-SYN-0015,48,0,66,0,115,0,42.0,58.0,100.0,72,100,173,0,0,0,42.0,58.0,100.0,0,0,0,0,0,0,15.24,0.0,2,0,2.6,0.0,69.98,0.0,2,0,2023-12-18
B0SYNTH0015,B0SYNTH0015,VitaGreen Baby Product 16 - Premium Quality,VIT-SYN-0015,101,0,159,0,261,0,39.0,61.0,100.0,127,199,327,0,0,0,39.0,61.0,100.0,0,0,0,0,0,0,63.21,0.0,1,0,0.46,0.0,34.99,0.0,1,0,2023-08-07
B0SYNTH0015,B0SYNTH0015,VitaGreen Baby Product 16 - Premium Quality,VIT-SYN-0015,3,0,6,0,10,0,32.0,68.0,100.0,4,10,15,0,0,0,32.0,68.0,100.0,0,0,0,0,0,0,19.24,0.0,0,0,7.8,0.0,0.0,0.0,0,0,2022-05-16
B0SYNTH0015,B0SYNTH0015,VitaGreen Baby Product 16 - Premium Quality,VIT-SYN-0015,400,0,256,0,657,0,61.0,39.0,100.0,710,453,1164,0,0,0,61.0,39.0,100.0,0,0,0,0,0,0,42.12,0.0,3,0,0.46,0.0,104.97,0.0,3,0,2022-11-14
B0SYNTH0015,B0SYNTH0016,Halley Home & Kitchen Product 17 - Premium Quality,HAL-SYN-0016,815,0,499,0,1315,0,62.0,38.0,100.0,1073,658,1732,0,0,0,62.0,38.0,100.0,0,0,0,0,0,0,30.02,0.0,12,0,0.96,0.0,899.88,0.0,12,0,2022-09-05
B0SYNTH0015,B0SYNTH0016,Halley Home & Kitchen Product 17 - Premium Quality,HAL-SYN-0016,3259,0,2265,0,5525,0,59.0,41.0,100.0,4043,2809,6853,0,0,0,59.0,41.0,100.0,0,0,0,0,0,0,61.72,0.0,48,0,0.87,0.0,3599.52,0.0,48,0,2022-12-12
B0SYNTH0015,B0SYNTH0016,Halley Home & Kitchen Product 17 - Premium Quality,HAL-SYN-0016,161,0,313,0,475,0,34.0,66.0,100.0,272,529,802,0,0,0,34.0,66.0,100.0,0,0,0,0,0,0,63.53,0.0,42,0,8.89,0.0,3149.58,0.0,42,0,2023-08-07
B0SYNTH0015,B0SYNTH0016,Halley Home & Kitchen Product 17 - Premium Quality,HAL-SYN-0016,327,0,557,0,885,0,37.0,63.0,100.0,416,710,1127,0,0,0,37.0,63.0,100.0,0,0,0,0,0,0,83.56,0.0,0,0,0.1,0.0,0.0,0.0,0,0,2023-05-29
B0SYNTH0015,B0SYNTH0016,Halley Home & Kitchen Product 17 - Premium Quality,HAL-SYN-0016,1480,0,1541,0,3022,0,49.0,51.0,100.0,2452,2552,5005,0,0,0,49.0,51.0,100.0,0,0,0,0,0,0,58.36,0.0,25,0,0.84,0.0,1874.75,0.0,25,0,2023-04-17
B0SYNTH0015,B0SYNTH0016,Halley Home & Kitchen Product 17 - Premium Quality,HAL-SYN-0016,204,0,141,0,346,0,59.0,41.0,100.0,263,182,446,0,0,0,59.0,41.0,100.0,0,0,0,0,0,0,58.38,0.0,14,0,4.2,0.0,1049.86,0.0,14,0,2022-08-29
B0SYNTH0015,B0SYNTH0016,Halley Home & Kitchen Product 17 - Premium Quality,HAL-SYN-0016,805,0,396,0,1202,0,67.0,33.0,100.0,1084,534,1619,0,0,0,67.0,33.0,100.0,0,0,0,0,0,0,82.57,0.0,19,0,1.59,0.0,1424.81,0.0,19,0,2022-10-31
B0SYNTH0015,B0SYNTH0016,Halley Home & Kitchen Product 17 - Premium Quality,HAL-SYN-0016,74,0,173,0,248,0,30.0,70.0,100.0,127,296,424,0,0,0,30.0,70.0,100.0,0,0,0,0,0,0,28.48,0.0,3,0,1.35,0.0,224.97,0.0,3,0,2022-04-18
B0SYNTH0015,B0SYNTH0017,Harveast Grocery Product 18 - Premium Quality,HAR-SYN-0017,190,0,404,0,595,0,32.0,68.0,100.0,246,522,769,0,0,0,32.0,68.0,100.0,0,0,0,0,0,0,48.27,0.0,21,0,3.66,0.0,1889.79,0.0,21,0,2022-11-28
B0SYNTH0015,B0SYNTH0017,Harveast Grocery Product 18 - Premium Quality,HAR-SYN-0017,355,0,660,0,1016,0,35.0,65.0,100.0,610,1133,1744,0,0,0,35.0,65.0,100.0,0,0,0,0,0,0,90.7,0.0,33,0,3.33,0.0,2969.67,0.0,33,0,2023-07-03
B0SYNTH0015,B0SYNTH0017,Harveast Grocery Product 18 - Premium Quality,HAR-SYN-0017,889,0,522,0,1412,0,63.0,37.0,100.0,1373,806,2180,0,0,0,63.0,37.0,100.0,0,0,0,0,0,0,55.51,0.0,157,0,11.17,0.0,14128.43,0.0,157,0,2022-04-18
B0SYNTH0015,B0SYNTH0017,Harveast Grocery Product 18 - Premium Quality,HAR-SYN-0017,432,0,623,0,1056,0,41.0,59.0,100.0,583,838,1422,0,0,0,41.0,59.0,100.0,0,0,0,0,0,0,66.27,0.0,27,0,2.59,0.0,2429.73,0.0,27,0,2023-06-26
B0SYNTH0015,B0SYNTH0017,Harveast Grocery Product 18 - Premium Quality,HAR-SYN-0017,270,0,460,0,731,0,37.0,63.0,100.0,342,582,925,0,0,0,37.0,63.0,100.0,0,0,0,0,0,0,49.44,0.0,89,0,12.23,0.0,8009.11,0.0,89,0,2022-05-23
B0SYNTH0015,B0SYNTH0017,Harveast Grocery Product 18 - Premium Quality,HAR-SYN-0017,496,0,744,0,1241,0,40.0,60.0,100.0,786,1179,1965,0,0,0,40.0,60.0,100.0,0,0,0,0,0,0,51.76,0.0,346,0,27.9,0.0,31136.54,0.0,346,0,2023-03-20
B0SYNTH0015,B0SYNTH0017,Harveast Grocery Product 18 - Premium Quality,HAR-SYN-0017,87,0,58,0,146,0,60.0,40.0,100.0,108,72,181,0,0,0,60.0,40.0,100.0,0,0,0,0,0,0,62.71,0.0,15,0,10.28,0.0,1349.85,0.0,15,0,2022-08-01
B0SYNTH0015,B0SYNTH0017,Harveast Grocery Product 18 - Premium Quality,HAR-SYN-0017,182,0,222,0,405,0,45.0,55.0,100.0,218,267,486,0,0,0,45.0,55.0,100.0,0,0,0,0,0,0,16.41,0.0,3,0,0.77,0.0,269.97,0.0,3,0,2022-08-29
B0SYNTH0018,B0SYNTH0018,BioBlas Beauty Product 19 - Premium Quality,BIO-SYN-0018,597,0,307,0,905,0,66.0,34.0,100.0,883,455,1339,0,0,0,66.0,34.0,100.0,0,0,0,0,0,0,69.17,0.0,48,0,5.38,0.0,959.52,0.0,48,0,2023-05-15
B0SYNTH0018,B0SYNTH0018,BioBlas Beauty Product 19 - Premium Quality,BIO-SYN-0018,255,0,200,0,456,0,56.0,44.0,100.0,385,303,689,0,0,0,56.0,44.0,100.0,0,0,0,0,0,0,28.46,0.0,5,0,1.18,0.0,99.95,0.0,5,0,2023-07-17
B0SYNTH0018,B0SYNTH0018,BioBlas Beauty Product 19 - Premium Quality,BIO-SYN-0018,92,0,58,0,151,0,61.0,39.0,100.0,142,90,233,0,0,0,61.0,39.0,100.0,0,0,0,0,0,0,53.38,0.0,15,0,10.03,0.0,299.85,0.0,15,0,2023-06-12
B0SYNTH0018,B0SYNTH0018,BioBlas Beauty Product 19 - Premium Quality,BIO-SYN-0018,6,0,3,0,10,0,64.0,36.0,100.0,8,5,14,0,0,0,64.0,36.0,100.0,0,0,0,0,0,0,10.72,0.0,0,0,3.33,0.0,0.0,0.0,0,0,2023-11-27
B0SYNTH0018,B0SYNTH0018,BioBlas Beauty Product 19 - Premium Quality,BIO-SYN-0018,34,0,51,0,85,0,40.0,60.0,100.0,59,89,149,0,0,0,40.0,60.0,100.0,0,0,0,0,0,0,35.74,0.0,2,0,2.63,0.0,39.98,0.0,2,0,2023-03-20
B0SYNTH0018,B0SYNTH0018,BioBlas Beauty Product 19 - Premium Quality,BIO-SYN-0018,34,0,59,0,94,0,37.0,63.0,100.0,59,101,161,0,0,0,37.0,63.0,100.0,0,0,0,0,0,0,77.95,0.0,0,0,0.34,0.0,0.0,0.0,0,0,2023-08-07
B0SYNTH0018,B0SYNTH0018,BioBlas Beauty Product 19 - Premium Quality,BIO-SYN-0018,138,0,258,0,397,0,35.0,65.0,100.0,169,315,485,0,0,0,35.0,65.0,100.0,0,0,0,0,0,0,58.19,0.0,36,0,9.19,0.0,719.64,0.0,36,0,2023-07-31
B0SYNTH0018,B0SYNTH0018,BioBlas Beauty Product 19 - Premium Quality,BIO-SYN-0018,383,0,778,0,1162,0,33.0,67.0,100.0,688,1398,2087,0,0,0,33.0,67.0,100.0,0,0,0,0,0,0,30.64,0.0,71,0,6.12,0.0,1419.29,0.0,71,0,2023-03-27
B0SYNTH0018,B0SYNTH0019,OrientTherapy Sports Product 20 - Premium Quality,ORI-SYN-0019,298,0,311,0,610,0,49.0,51.0,100.0,492,513,1006,0,0,0,49.0,51.0,100.0,0,0,0,0,0,0,17.08,0.0,85,0,13.96,0.0,6374.15,0.0,85,0,2022-12-26
B0SYNTH0018,B0SYNTH0019,OrientTherapy Sports Product 20 - Premium Quality,ORI-SYN-0019,7,0,12,0,20,0,39.0,61.0,100.0,12,20,33,0,0,0,39.0,61.0,100.0,0,0,0,0,0,0,30.89,0.0,0,0,0.6,0.0,0.0,0.0,0,0,2022-07-11
B0SYNTH0018,B0SYNTH0019,OrientTherapy Sports Product 20 - Premium Quality,ORI-SYN-0019,141,0,94,0,236,0,60.0,40.0,100.0,207,138,346,0,0,0,60.0,40.0,100.0,0,0,0,0,0,0,45.95,0.0,2,0,0.92,0.0,149.98,0.0,2,0,2023-09-25
B0SYNTH0018,B0SYNTH0019,OrientTherapy Sports Product 20 - Premium Quality,ORI-SYN-0019,22,0,19,0,42,0,54.0,46.0,100.0,37,31,69,0,0,0,54.0,46.0,100.0,0,0,0,0,0,0,48.56,0.0,1,0,3.7,0.0,74.99,0.0,1,0,2023-04-03
B0SYNTH0018,B0SYNTH0019,OrientTherapy Sports Product 20 - Premium Quality,ORI-SYN-0019,134,0,239,0,374,0,36.0,64.0,100.0,225,400,626,0,0,0,36.0,64.0,100.0,0,0,0,0,0,0,54.88,0.0,6,0,1.65,0.0,449.94,0.0,6,0,2023-03-06
B0SYNTH0018,B0SYNTH0019,OrientTherapy Sports Product 20 - Premium Quality,ORI-SYN-0019,21,0,25,0,47,0,46.0,54.0,100.0,27,32,60,0,0,0,46.0,54.0,100.0,0,0,0,0,0,0,90.47,0.0,2,0,4.93,0.0,149.98,0.0,2,0,2023-02-27
B0SYNTH0018,B0SYNTH0019,OrientTherapy Sports Product 20 - Premium Quality,ORI-SYN-0019,7,0,4,0,12,0,66.0,34.0,100.0,13,6,20,0,0,0,66.0,34.0,100.0,0,0,0,0,0,0,21.45,0.0,0,0,2.64,0.0,0.0,0.0,0,0,2022-04-25
B0SYNTH0018,B0SYNTH0019,OrientTherapy Sports Product 20 - Premium Quality,ORI-SYN-0019,44,0,66,0,110,0,40.0,60.0,100.0,63,94,158,0,0,0,40.0,60.0,100.0,0,0,0,0,0,0,71.04,0.0,0,0,0.18,0.0,0.0,0.0,0,0,2023-01-09
B0SYNTH0018,B0SYNTH0020,JumboJumble Health Product 21 - Premium Quality,JUM-SYN-0020,147,0,75,0,223,0,66.0,34.0,100.0,258,132,391,0,0,0,66.0,34.0,100.0,0,0,0,0,0,0,27.52,0.0,21,0,9.47,0.0,734.79,0.0,21,0,2023-05-22
B0SYNTH0018,B0SYNTH0020,JumboJumble Health Product 21 - Premium Quality,JUM-SYN-0020,60,0,84,0,145,0,42.0,58.0,100.0,74,103,178,0,0,0,42.0,58.0,100.0,0,0,0,0,0,0,52.48,0.0,0,0,0.36,0.0,0.0,0.0,0,0,2023-02-27
B0SYNTH0018,B0SYNTH0020,JumboJumble Health Product 21 - Premium Quality,JUM-SYN-0020,440,0,457,0,898,0,49.0,51.0,100.0,629,655,1285,0,0,0,49.0,51.0,100.0,0,0,0,0,0,0,50.12,0.0,13,0,1.46,0.0,454.87,0.0,13,0,2022-10-03
B0SYNTH0018,B0SYNTH0020,JumboJumble Health Product 21 - Premium Quality,JUM-SYN-0020,998,0,784,0,1783,0,56.0,44.0,100.0,1457,1145,2603,0,0,0,56.0,44.0,100.0,0,0,0,0,0,0,56.19,0.0,29,0,1.64,0.0,1014.71,0.0,29,0,2022-07-25
B0SYNTH0018,B0SYNTH0020,JumboJumble Health Product 21 - Premium Quality,JUM-SYN-0020,81,0,69,0,151,0,54.0,46.0,100.0,115,97,213,0,0,0,54.0,46.0,100.0,0,0,0,0,0,0,25.18,0.0,5,0,3.56,0.0,174.95,0.0,5,0,2023-04-10
B0SYNTH0018,B0SYNTH0020,JumboJumble Health Product 21 - Premium Quality,JUM-SYN-0020,60,0,58,0,119,0,51.0,49.0,100.0,89,86,176,0,0,0,51.0,49.0,100.0,0,0,0,0,0,0,84.64,0.0,0,0,0.04,0.0,0.0,0.0,0,0,2022-05-16
B0SYNTH0018,B0SYNTH0020,JumboJumble Health Product 21 - Premium Quality,JUM-SYN-0020,81,0,40,0,122,0,67.0,33.0,100.0,140,68,209,0,0,0,67.0,33.0,100.0,0,0,0,0,0,0,37.99,0.0,0,0,0.6,0.0,0.0,0.0,0,0,2022-11-07
B0SYNTH0018,B0SYNTH0020,JumboJumble Health Product 21 - Premium Quality,JUM-SYN-0020,47,0,48,0,96,0,49.0,51.0,100.0,66,68,135,0,0,0,49.0,51.0,100.0,0,0,0,0,0,0,49.08,0.0,20,0,21.66,0.0,699.8,0.0,20,0,2022-08-08
B0SYNTH0021,B0SYNTH0021,NaturPlus Clothing Product 22 - Premium Quality,NAT-SYN-0021,175,0,252,0,428,0,41.0,59.0,100.0,212,306,519,0,0,0,41.0,59.0,100.0,0,0,0,0,0,0,68.06,0.0,0,0,0.0,0.0,0.0,0.0,0,0,2022-09-19
B0SYNTH0021,B0SYNTH0021,NaturPlus Clothing Product 22 - Premium Quality,NAT-SYN-0021,37,0,58,0,96,0,39.0,61.0,100.0,56,88,145,0,0,0,39.0,61.0,100.0,0,0,0,0,0,0,54.32,0.0,1,0,1.97,0.0,74.99,0.0,1,0,2023-01-02
B0SYNTH0021,B0SYNTH0021,NaturPlus Clothing Product 22 - Premium Quality,NAT-SYN-0021,9,0,22,0,32,0,31.0,69.0,100.0,14,31,46,0,0,0,31.0,69.0,100.0,0,0,0,0,0,0,12.67,0.0,0,0,2.41,0.0,0.0,0.0,0,0,2023-06-26
B0SYNTH0021,B0SYNTH0021,NaturPlus Clothing Product 22 - Premium Quality,NAT-SYN-0021,176,0,107,0,284,0,62.0,38.0,100.0,259,159,419,0,0,0,62.0,38.0,100.0,0,0,0,0,0,0,92.8,0.0,5,0,1.86,0.0,374.95,0.0,5,0,2022-08-29
B0SYNTH0021,B0SYNTH0021,NaturPlus Clothing Product 22 - Premium Quality,NAT-SYN-0021,125,0,103,0,229,0,55.0,45.0,100.0,172,140,313,0,0,0,55.0,45.0,100.0,0,0,0,0,0,0,30.71,0.0,0,0,0.07,0.0,0.0,0.0,0,0,2022-04-11
B0SYNTH0021,B0SYNTH0021,NaturPlus Clothing Product 22 - Premium Quality,NAT-SYN-0021,1207,0,2566,0,3774,0,32.0,68.0,100.0,1823,3875,5699,0,0,0,32.0,68.0,100.0,0,0,0,0,0,0,68.51,0.0,5,0,0.15,0.0,374.95,0.0,5,0,2022-06-27
B0SYNTH0021,B0SYNTH0021,NaturPlus Clothing Product 22 - Premium Quality,NAT-SYN-0021,3,0,6,0,10,0,35.0,65.0,100.0,4,9,14,0,0,0,35.0,65.0,100.0,0,0,0,0,0,0,30.25,0.0,0,0,5.56,0.0,0.0,0.0,0,0,2022-08-08
B0SYNTH0021,B0SYNTH0021,NaturPlus Clothing Product 22 - Premium Quality,NAT-SYN-0021,645,0,645,0,1291,0,50.0,50.0,100.0,1070,1070,2140,0,0,0,50.0,50.0,100.0,0,0,0,0,0,0,25.79,0.0,16,0,1.26,0.0,1199.84,0.0,16,0,2023-08-14
B0SYNTH0021,B0SYNTH0022,EcoHome Office Product 23 - Premium Quality,ECO-SYN-0022,72,0,96,0,169,0,43.0,57.0,100.0,118,156,275,0,0,0,43.0,57.0,100.0,0,0,0,0,0,0,25.68,0.0,10,0,6.25,0.0,499.9,0.0,10,0,2022-05-02
B0SYNTH0021,B0SYNTH0022,EcoHome Office Product 23 - Premium Quality,ECO-SYN-0022,126,0,87,0,214,0,59.0,41.0,100.0,199,138,338,0,0,0,59.0,41.0,100.0,0,0,0,0,0,0,41.59,0.0,4,0,1.91,0.0,199.96,0.0,4,0,2023-11-20
B0SYNTH0021,B0SYNTH0022,EcoHome Office Product 23 - Premium Quality,ECO-SYN-0022,53,0,95,0,149,0,36.0,64.0,100.0,88,157,246,0,0,0,36.0,64.0,100.0,0,0,0,0,0,0,76.56,0.0,0,0,0.65,0.0,0.0,0.0,0,0,2023-08-07
B0SYNTH0021,B0SYNTH0022,EcoHome Office Product 23 - Premium Quality,ECO-SYN-0022,7,0,13,0,21,0,38.0,62.0,100.0,12,19,32,0,0,0,38.0,62.0,100.0,0,0,0,0,0,0,72.97,0.0,1,0,8.34,0.0,49.99,0.0,1,0,2023-08-21
B0SYNTH0021,B0SYNTH0022,EcoHome Office Product 23 - Premium Quality,ECO-SYN-0022,1175,0,1690,0,2866,0,41.0,59.0,100.0,1564,2252,3817,0,0,0,41.0,59.0,100.0,0,0,0,0,0,0,52.04,0.0,149,0,5.2,0.0,7448.51,0.0,149,0,2023-06-26
B0SYNTH0021,B0SYNTH0022,EcoHome Office Product 23 - Premium Quality,ECO-SYN-0022,120,0,255,0,376,0,32.0,68.0,100.0,144,308,453,0,0,0,32.0,68.0,100.0,0,0,0,0,0,0,40.35,0.0,0,0,0.12,0.0,0.0,0.0,0,0,2022-05-30
B0SYNTH0021,B0SYNTH0022,EcoHome Office Product 23 - Premium Quality,ECO-SYN-0022,16,0,31,0,48,0,35.0,65.0,100.0,24,44,69,0,0,0,35.0,65.0,100.0,0,0,0,0,0,0,35.76,0.0,0,0,2.01,0.0,0.0,0.0,0,0,2022-08-15
B0SYNTH0021,B0SYNTH0022,EcoHome Office Product 23 - Premium Quality,ECO-SYN-0022,165,0,269,0,435,0,38.0,62.0,100.0,277,452,730,0,0,0,38.0,62.0,100.0,0,0,0,0,0,0,35.47,0.0,27,0,6.26,0.0,1349.73,0.0,27,0,2023-03-06
B0SYNTH0021,B0SYNTH0023,VitaGreen Baby Product 24 - Premium Quality,VIT-SYN-0023,1254,0,2136,0,3391,0,37.0,63.0,100.0,1533,2611,4145,0,0,0,37.0,63.0,100.0,0,0,0,0,0,0,19.8,0.0,548,0,16.17,0.0,19174.52,0.0,548,0,2022-08-15
B0SYNTH0021,B0SYNTH0023,VitaGreen Baby Product 24 - Premium Quality,VIT-SYN-0023,181,0,126,0,308,0,59.0,41.0,100.0,303,211,515,0,0,0,59.0,41.0,100.0,0,0,0,0,0,0,39.64,0.0,0,0,0.27,0.0,0.0,0.0,0,0,2023-04-17
B0SYNTH0021,B0SYNTH0023,VitaGreen Baby Product 24 - Premium Quality,VIT-SYN-0023,7,0,12,0,20,0,39.0,61.0,100.0,13,20,34,0,0,0,39.0,61.0,100.0,0,0,0,0,0,0,40.0,0.0,0,0,2.77,0.0,0.0,0.0,0,0,2023-08-07
B0SYNTH0021,B0SYNTH0023,VitaGreen Baby Product 24 - Premium Quality,VIT-SYN-0023,21,0,35,0,57,0,37.0,63.0,100.0,33,57,91,0,0,0,37.0,63.0,100.0,0,0,0,0,0,0,21.06,0.0,1,0,2.33,0.0,34.99,0.0,1,0,2023-08-21
B0SYNTH0021,B0SYNTH0023,VitaGreen Baby Product 24 - Premium Quality,VIT-SYN-0023,7,0,14,0,22,0,35.0,65.0,100.0,12,22,35,0,0,0,35.0,65.0,100.0,0,0,0,0,0,0,59.71,0.0,0,0,0.52,0.0,0.0,0.0,0,0,2022-11-14
B0SYNTH0021,B0SYNTH0023,VitaGreen Baby Product 24 - Premium Quality,VIT-SYN-0023,918,0,562,0,1481,0,62.0,38.0,100.0,1290,790,2081,0,0,0,62.0,38.0,100.0,0,0,0,0,0,0,47.65,0.0,32,0,2.21,0.0,1119.68,0.0,32,0,2022-10-03
B0SYNTH0021,B0SYNTH0023,VitaGreen Baby Product 24 - Premium Quality,VIT-SYN-0023,146,0,101,0,248,0,59.0,41.0,100.0,207,144,352,0,0,0,59.0,41.0,100.0,0,0,0,0,0,0,68.12,0.0,12,0,4.91,0.0,419.88,0.0,12,0,2022-04-04
B0SYNTH0021,B0SYNTH0023,VitaGreen Baby Product 24 - Premium Quality,VIT-SYN-0023,63,0,65,0,129,0,49.0,51.0,100.0,111,116,228,0,0,0,49.0,51.0,100.0,0,0,0,0,0,0,17.5,0.0,2,0,2.14,0.0,69.98,0.0,2,0,2022-05-30
B0SYNTH0024,B0SYNTH0024,Halley Home & Kitchen Product 25 - Premium Quality,HAL-SYN-0024,380,0,675,0,1056,0,36.0,64.0,100.0,611,1087,1699,0,0,0,36.0,64.0,100.0,0,0,0,0,0,0,51.41,0.0,24,0,2.34,0.0,1439.76,0.0,24,0,2023-08-28
B0SYNTH0024,B0SYNTH0024,Halley Home & Kitchen Product 25 - Premium Quality,HAL-SYN-0024,70,0,48,0,119,0,59.0,41.0,100.0,105,73,179,0,0,0,59.0,41.0,100.0,0,0,0,0,0,0,58.19,0.0,3,0,2.88,0.0,179.97,0.0,3,0,2023-08-14
B0SYNTH0024,B0SYNTH0024,Halley Home & Kitchen Product 25 - Premium Quality,HAL-SYN-0024,34,0,49,0,84,0,41.0,59.0,100.0,53,76,130,0,0,0,41.0,59.0,100.0,0,0,0,0,0,0,40.57,0.0,1,0,1.53,0.0,59.99,0.0,1,0,2023-08-07
B0SYNTH0024,B0SYNTH0024,Halley Home & Kitchen Product 25 - Premium Quality,HAL-SYN-0024,9,0,4,0,14,0,66.0,34.0,100.0,11,6,18,0,0,0,66.0,34.0,100.0,0,0,0,0,0,0,62.4,0.0,0,0,0.53,0.0,0.0,0.0,0,0,2023-01-23
B0SYNTH0024,B0SYNTH0024,Halley Home & Kitchen Product 25 - Premium Quality,HAL-SYN-0024,3,0,6,0,10,0,31.0,69.0,100.0,4,9,14,0,0,0,31.0,69.0,100.0,0,0,0,0,0,0,48.86,0.0,0,0,5.02,0.0,0.0,0.0,0,0,2023-10-16
B0SYNTH0024,B0SYNTH0024,Halley Home & Kitchen Product 25 - Premium Quality,HAL-SYN-0024,592,0,785,0,1378,0,43.0,57.0,100.0,891,1182,2074,0,0,0,43.0,57.0,100.0,0,0,0,0,0,0,62.25,0.0,3,0,0.29,0.0,179.97,0.0,3,0,2023-11-20
B0SYNTH0024,B0SYNTH0024,Halley Home & Kitchen Product 25 - Premium Quality,HAL-SYN-0024,703,0,703,0,1406,0,50.0,50.0,100.0,1149,1149,2298,0,0,0,50.0,50.0,100.0,0,0,0,0,0,0,56.58,0.0,25,0,1.81,0.0,1499.75,0.0,25,0,2023-01-16
B0SYNTH0024,B0SYNTH0024,Halley Home & Kitchen Product 25 - Premium Quality,HAL-SYN-0024,632,0,743,0,1376,0,46.0,54.0,100.0,1121,1315,2437,0,0,0,46.0,54.0,100.0,0,0,0,0,0,0,20.55,0.0,148,0,10.82,0.0,8878.52,0.0,148,0,2023-07-17
B0SYNTH0024,B0SYNTH0025,Harveast Grocery Product 26 - Premium Quality,HAR-SYN-0025,229,0,117,0,347,0,66.0,34.0,100.0,401,207,609,0,0,0,66.0,34.0,100.0,0,0,0,0,0,0,54.37,0.0,8,0,2.56,0.0,719.92,0.0,8,0,2022-12-26
B0SYNTH0024,B0SYNTH0025,Harveast Grocery Product 26 - Premium Quality,HAR-SYN-0025,73,0,52,0,126,0,58.0,42.0,100.0,109,79,189,0,0,0,58.0,42.0,100.0,0,0,0,0,0,0,75.11,0.0,1,0,1.11,0.0,89.99,0.0,1,0,2022-11-14
B0SYNTH0024,B0SYNTH0025,Harveast Grocery Product 26 - Premium Quality,HAR-SYN-0025,51,0,57,0,109,0,47.0,53.0,100.0,73,82,156,0,0,0,47.0,53.0,100.0,0,0,0,0,0,0,4.12,0.0,5,0,5.2,0.0,449.95,0.0,5,0,2022-07-04
B0SYNTH0024,B0SYNTH0025,Harveast Grocery Product 26 - Premium Quality,HAR-SYN-0025,292,0,259,0,552,0,53.0,47.0,100.0,403,357,761,0,0,0,53.0,47.0,100.0,0,0,0,0,0,0,86.56,0.0,7,0,1.36,0.0,629.93,0.0,7,0,2022-08-08
B0SYNTH0024,B0SYNTH0025,Harveast Grocery Product 26 - Premium Quality,HAR-SYN-0025,397,0,596,0,994,0,40.0,60.0,100.0,625,938,1564,0,0,0,40.0,60.0,100.0,0,0,0,0,0,0,27.83,0.0,5,0,0.52,0.0,449.95,0.0,5,0,2023-08-14
B0SYNTH0024,B0SYNTH0025,Harveast Grocery Product 26 - Premium Quality,HAR-SYN-0025,221,0,104,0,326,0,68.0,32.0,100.0,353,166,520,0,0,0,68.0,32.0,100.0,0,0,0,0,0,0,65.53,0.0,1,0,0.42,0.0,89.99,0.0,1,0,2022-10-17
B0SYNTH0024,B0SYNTH0025,Harveast Grocery Product 26 - Premium Quality,HAR-SYN-0025,40,0,25,0,66,0,61.0,39.0,100.0,70,44,115,0,0,0,61.0,39.0,100.0,0,0,0,0,0,0,29.08,0.0,1,0,2.55,0.0,89.99,0.0,1,0,2022-11-07
B0SYNTH0024,B0SYNTH0025,Harveast Grocery Product 26 - Premium Quality,HAR-SYN-0025,79,0,169,0,249,0,32.0,68.0,100.0,114,244,359,0,0,0,32.0,68.0,100.0,0,0,0,0,0,0,46.02,0.0,2,0,1.17,0.0,179.98,0.0,2,0,2023-05-22
B0SYNTH0024,B0SYNTH0026,BioBlas Beauty Product 27 - Premium Quality,BIO-SYN-0026,35,0,48,0,84,0,42.0,58.0,100.0,52,72,125,0,0,0,42.0,58.0,100.0,0,0,0,0,0,0,67.78,0.0,6,0,7.24,0.0,239.94,0.0,6,0,2023-04-24
B0SYNTH0024,B0SYNTH0026,BioBlas Beauty Product 27 - Premium Quality,BIO-SYN-0026,121,0,52,0,174,0,70.0,30.0,100.0,213,91,305,0,0,0,70.0,30.0,100.0,0,0,0,0,0,0,18.91,0.0,13,0,7.99,0.0,519.87,0.0,13,0,2022-08-15
B0SYNTH0024,B0SYNTH0026,BioBlas Beauty Product 27 - Premium Quality,BIO-SYN-0026,77,0,91,0,169,0,46.0,54.0,100.0,103,120,224,0,0,0,46.0,54.0,100.0,0,0,0,0,0,0,48.41,0.0,5,0,3.31,0.0,199.95,0.0,5,0,2023-04-10
B0SYNTH0024,B0SYNTH0026,BioBlas Beauty Product 27 - Premium Quality,BIO-SYN-0026,83,0,94,0,178,0,47.0,53.0,100.0,111,126,238,0,0,0,47.0,53.0,100.0,0,0,0,0,0,0,20.39,0.0,3,0,1.87,0.0,119.97,0.0,3,0,2023-05-29
B0SYNTH0024,B0SYNTH0026,BioBlas Beauty Product 27 - Premium Quality,BIO-SYN-0026,60,0,90,0,150,0,40.0,60.0,100.0,100,151,252,0,0,0,40.0,60.0,100.0,0,0,0,0,0,0,58.53,0.0,9,0,6.37,0.0,359.91,0.0,9,0,2022-04-25
B0SYNTH0024,B0SYNTH0026,BioBlas Beauty Product 27 - Premium Quality,BIO-SYN-0026,55,0,73,0,129,0,43.0,57.0,100.0,86,114,201,0,0,0,43.0,57.0,100.0,0,0,0,0,0,0,10.97,0.0,5,0,4.22,0.0,199.95,0.0,5,0,2023-01-23
B0SYNTH0024,B0SYNTH0026,BioBlas Beauty Product 27 - Premium Quality,BIO-SYN-0026,32,0,27,0,60,0,54.0,46.0,100.0,55,46,102,0,0,0,54.0,46.0,100.0,0,0,0,0,0,0,71.88,0.0,0,0,0.29,0.0,0.0,0.0,0,0,2023-02-27
B0SYNTH0024,B0SYNTH0026,BioBlas Beauty Product 27 - Premium Quality,BIO-SYN-0026,17,0,32,0,50,0,34.0,66.0,100.0,21,40,62,0,0,0,34.0,66.0,100.0,0,0,0,0,0,0,66.71,0.0,1,0,2.67,0.0,39.99,0.0,1,0,2022-07-18
B0SYNTH0027,B0SYNTH0027,OrientTherapy Sports Product 28 - Premium Quality,ORI-SYN-0027,48,0,87,0,136,0,36.0,64.0,100.0,60,106,167,0,0,0,36.0,64.0,100.0,0,0,0,0,0,0,38.62,0.0,0,0,0.7,0.0,0.0,0.0,0,0,2022-04-11
B0SYNTH0027,B0SYNTH0027,OrientTherapy Sports Product 28 - Premium Quality,ORI-SYN-0027,52,0,55,0,108,0,49.0,51.0,100.0,64,66,131,0,0,0,49.0,51.0,100.0,0,0,0,0,0,0,44.86,0.0,1,0,1.29,0.0,19.99,0.0,1,0,2022-08-15
B0SYNTH0027,B0SYNTH0027,OrientTherapy Sports Product 28 - Premium Quality,ORI-SYN-0027,39,0,55,0,95,0,42.0,58.0,100.0,68,93,162,0,0,0,42.0,58.0,100.0,0,0,0,0,0,0,63.58,0.0,6,0,7.08,0.0,119.94,0.0,6,0,2023-07-31
B0SYNTH0027,B0SYNTH0027,OrientTherapy Sports Product 28 - Premium Quality,ORI-SYN-0027,361,0,273,0,635,0,57.0,43.0,100.0,633,477,1111,0,0,0,57.0,43.0,100.0,0,0,0,0,0,0,57.74,0.0,7,0,1.24,0.0,139.93,0.0,7,0,2023-04-17
B0SYNTH0027,B0SYNTH0027,OrientTherapy Sports Product 28 - Premium Quality,ORI-SYN-0027,487,0,352,0,840,0,58.0,42.0,100.0,778,564,1343,0,0,0,58.0,42.0,100.0,0,0,0,0,0,0,74.9,0.0,26,0,3.12,0.0,519.74,0.0,26,0,2023-06-19
B0SYNTH0027,B0SYNTH0027,OrientTherapy Sports Product 28 - Premium Quality,ORI-SYN-0027,143,0,277,0,421,0,34.0,66.0,100.0,185,360,546,0,0,0,34.0,66.0,100.0,0,0,0,0,0,0,57.02,0.0,18,0,4.36,0.0,359.82,0.0,18,0,2022-06-20
B0SYNTH0027,B0SYNTH0027,OrientTherapy Sports Product 28 - Premium Quality,ORI-SYN-0027,29195,0,40317,0,69513,0,42.0,58.0,100.0,36785,50799,87585,0,0,0,42.0,58.0,100.0,0,0,0,0,0,0,79.38,0.0,1661,0,2.39,0.0,33203.39,0.0,1661,0,2023-12-18
B0SYNTH0027,B0SYNTH0027,OrientTherapy Sports Product 28 - Premium Quality,ORI-SYN-0027,43,0,18,0,62,0,70.0,30.0,100.0,53,23,77,0,0,0,70.0,30.0,100.0,0,0,0,0,0,0,48.93,0.0,1,0,2.3,0.0,19.99,0.0,1,0,2023-10-30
B0SYNTH0027,B0SYNTH0028,JumboJumble Health Product 29 - Premium Quality,JUM-SYN-0028,248,0,358,0,607,0,41.0,59.0,100.0,341,492,834,0,0,0,41.0,59.0,100.0,0,0,0,0,0,0,81.75,0.0,4,0,0.78,0.0,119.96,0.0,4,0,2022-05-09
B0SYNTH0027,B0SYNTH0028,JumboJumble Health Product 29 - Premium Quality,JUM-SYN-0028,52,0,31,0,84,0,63.0,37.0,100.0,65,38,104,0,0,0,63.0,37.0,100.0,0,0,0,0,0,0,27.42,0.0,0,0,0.18,0.0,0.0,0.0,0,0,2023-10-02
B0SYNTH0027,B0SYNTH0028,JumboJumble Health Product 29 - Premium Quality,JUM-SYN-0028,51,0,41,0,93,0,55.0,45.0,100.0,65,53,119,0,0,0,55.0,45.0,100.0,0,0,0,0,0,0,71.44,0.0,0,0,0.89,0.0,0.0,0.0,0,0,2022-04-04
B0SYNTH0027,B0SYNTH0028,JumboJumble Health Product 29 - Premium Quality,JUM-SYN-0028,57,0,62,0,120,0,48.0,52.0,100.0,98,106,205,0,0,0,48.0,52.0,100.0,0,0,0,0,0,0,39.12,0.0,9,0,8.06,0.0,269.91,0.0,9,0,2022-09-19
B0SYNTH0027,B0SYNTH0028,JumboJumble Health Product 29 - Premium Quality,JUM-SYN-0028,3,0,7,0,11,0,36.0,64.0,100.0,6,11,18,0,0,0,36.0,64.0,100.0,0,0,0,0,0,0,43.71,0.0,0,0,1.04,0.0,0.0,0.0,0,0,2022-08-29
B0SYNTH0027,B0SYNTH0028,JumboJumble Health Product 29 - Premium Quality,JUM-SYN-0028,67,0,64,0,132,0,51.0,49.0,100.0,100,96,197,0,0,0,51.0,49.0,100.0,0,0,0,0,0,0,59.23,0.0,4,0,3.15,0.0,119.96,0.0,4,0,2023-03-20
B0SYNTH0027,B0SYNTH0028,JumboJumble Health Product 29 - Premium Quality,JUM-SYN-0028,414,0,647,0,1062,0,39.0,61.0,100.0,567,887,1455,0,0,0,39.0,61.0,100.0,0,0,0,0,0,0,29.33,0.0,5,0,0.5,0.0,149.95,0.0,5,0,2023-06-12
B0SYNTH0027,B0SYNTH0028,JumboJumble Health Product 29 - Premium Quality,JUM-SYN-0028,56,0,66,0,123,0,46.0,54.0,100.0,79,92,172,0,0,0,46.0,54.0,100.0,0,0,0,0,0,0,62.66,0.0,13,0,10.62,0.0,389.87,0.0,13,0,2022-07-04
B0SYNTH0027,B0SYNTH0029,NaturPlus Clothing Product 30 - Premium Quality,NAT-SYN-0029,38,0,30,0,69,0,56.0,44.0,100.0,64,51,116,0,0,0,56.0,44.0,100.0,0,0,0,0,0,0,64.79,0.0,0,0,1.3,0.0,0.0,0.0,0,0,2022-08-22
B0SYNTH0027,B0SYNTH0029,NaturPlus Clothing Product 30 - Premium Quality,NAT-SYN-0029,98,0,110,0,209,0,47.0,53.0,100.0,172,194,367,0,0,0,47.0,53.0,100.0,0,0,0,0,0,0,19.85,0.0,4,0,2.29,0.0,199.96,0.0,4,0,2023-12-11
B0SYNTH0027,B0SYNTH0029,NaturPlus Clothing Product 30 - Premium Quality,NAT-SYN-0029,86,0,53,0,140,0,62.0,38.0,100.0,148,90,239,0,0,0,62.0,38.0,100.0,0,0,0,0,0,0,8.88,0.0,1,0,1.1,0.0,49.99,0.0,1,0,2023-05-29
B0SYNTH0027,B0SYNTH0029,NaturPlus Clothing Product 30 - Premium Quality,NAT-SYN-0029,10,0,7,0,18,0,57.0,43.0,100.0,13,9,23,0,0,0,57.0,43.0,100.0,0,0,0,0,0,0,53.99,0.0,0,0,0.49,0.0,0.0,0.0,0,0,2023-05-08
B0SYNTH0027,B0SYNTH0029,NaturPlus Clothing Product 30 - Premium Quality,NAT-SYN-0029,178,0,192,0,371,0,48.0,52.0,100.0,288,312,601,0,0,0,48.0,52.0,100.0,0,0,0,0,0,0,61.88,0.0,4,0,1.26,0.0,199.96,0.0,4,0,2023-02-13
B0SYNTH0027,B0SYNTH0029,NaturPlus Clothing Product 30 - Premium Quality,NAT-SYN-0029,17,0,39,0,57,0,31.0,69.0,100.0,21,48,70,0,0,0,31.0,69.0,100.0,0,0,0,0,0,0,82.04,0.0,0,0,1.08,0.0,0.0,0.0,0,0,2023-07-03
B0SYNTH0027,B0SYNTH0029,NaturPlus Clothing Product 30 - Premium Quality,NAT-SYN-0029,20,0,11,0,32,0,65.0,35.0,100.0,26,14,41,0,0,0,65.0,35.0,100.0,0,0,0,0,0,0,53.68,0.0,0,0,1.07,0.0,0.0,0.0,0,0,2023-01-02
B0SYNTH0027,B0SYNTH0029,NaturPlus Clothing Product 30 - Premium Quality,NAT-SYN-0029,21,0,9,0,30,0,70.0,30.0,100.0,26,11,38,0,0,0,70.0,30.0,100.0,0,0,0,0,0,0,9.4,0.0,0,0,0.42,0.0,0.0,0.0,0,0,2022-12-19
B0SYNTH0030,B0SYNTH0030,EcoHome Office Product 31 - Premium Quality,ECO-SYN-0030,119,0,135,0,255,0,47.0,53.0,100.0,152,171,324,0,0,0,47.0,53.0,100.0,0,0,0,0,0,0,52.87,0.0,2,0,1.16,0.0,89.98,0.0,2,0,2022-06-06
B0SYNTH0030,B0SYNTH0030,EcoHome Office Product 31 - Premium Quality,ECO-SYN-0030,984,0,773,0,1758,0,56.0,44.0,100.0,1737,1365,3103,0,0,0,56.0,44.0,100.0,0,0,0,0,0,0,36.21,0.0,3,0,0.2,0.0,134.97,0.0,3,0,2022-12-12
B0SYNTH0030,B0SYNTH0030,EcoHome Office Product 31 - Premium Quality,ECO-SYN-0030,28,0,26,0,55,0,52.0,48.0,100.0,44,40,85,0,0,0,52.0,48.0,100.0,0,0,0,0,0,0,75.62,0.0,0,0,1.48,0.0,0.0,0.0,0,0,2023-01-23
B0SYNTH0030,B0SYNTH0030,EcoHome Office Product 31 - Premium Quality,ECO-SYN-0030,426,0,209,0,636,0,67.0,33.0,100.0,564,278,843,0,0,0,67.0,33.0,100.0,0,0,0,0,0,0,27.04,0.0,21,0,3.43,0.0,944.79,0.0,21,0,2023-12-11
B0SYNTH0030,B0SYNTH0030,EcoHome Office Product 31 - Premium Quality,ECO-SYN-0030,39,0,41,0,81,0,49.0,51.0,100.0,48,49,98,0,0,0,49.0,51.0,100.0,0,0,0,0,0,0,38.34,0.0,4,0,5.29,0.0,179.96,0.0,4,0,2023-01-09
B0SYNTH0030,B0SYNTH0030,EcoHome Office Product 31 - Premium Quality,ECO-SYN-0030,23,0,41,0,65,0,36.0,64.0,100.0,30,54,85,0,0,0,36.0,64.0,100.0,0,0,0,0,0,0,10.48,0.0,0,0,0.55,0.0,0.0,0.0,0,0,2023-09-04
B0SYNTH0030,B0SYNTH0030,EcoHome Office Product 31 - Premium Quality,ECO-SYN-0030,40,0,81,0,122,0,33.0,67.0,100.0,48,99,148,0,0,0,33.0,67.0,100.0,0,0,0,0,0,0,60.99,0.0,3,0,3.05,0.0,134.97,0.0,3,0,2022-10-31
B0SYNTH0030,B0SYNTH0030,EcoHome Office Product 31 - Premium Quality,ECO-SYN-0030,51,0,29,0,81,0,64.0,36.0,100.0,69,39,109,0,0,0,64.0,36.0,100.0,0,0,0,0,0,0,26.45,0.0,2,0,3.33,0.0,89.98,0.0,2,0,2023-06-05
B0SYNTH0030,B0SYNTH0031,VitaGreen Baby Product 32 - Premium Quality,VIT-SYN-0031,10,0,20,0,31,0,35.0,65.0,100.0,15,27,43,0,0,0,35.0,65.0,100.0,0,0,0,0,0,0,7.13,0.0,1,0,3.66,0.0,39.99,0.0,1,0,2022-09-12
B0SYNTH0030,B0SYNTH0031,VitaGreen Baby Product 32 - Premium Quality,VIT-SYN-0031,321,0,144,0,466,0,69.0,31.0,100.0,467,209,677,0,0,0,69.0,31.0,100.0,0,0,0,0,0,0,52.2,0.0,14,0,3.11,0.0,559.86,0.0,14,0,2023-06-19
B0SYNTH0030,B0SYNTH0031,VitaGreen Baby Product 32 - Premium Quality,VIT-SYN-0031,110,0,145,0,256,0,43.0,57.0,100.0,192,254,447,0,0,0,43.0,57.0,100.0,0,0,0,0,0,0,1.42,0.0,10,0,3.94,0.0,399.9,0.0,10,0,2023-05-22
B0SYNTH0030,B0SYNTH0031,VitaGreen Baby Product 32 - Premium Quality,VIT-SYN-0031,74,0,66,0,141,0,53.0,47.0,100.0,120,107,228,0,0,0,53.0,47.0,100.0,0,0,0,0,0,0,16.42,0.0,15,0,11.23,0.0,599.85,0.0,15,0,2023-11-13
B0SYNTH0030,B0SYNTH0031,VitaGreen Baby Product 32 - Premium Quality,VIT-SYN-0031,111,0,259,0,370,0,30.0,70.0,100.0,185,431,617,0,0,0,30.0,70.0,100.0,0,0,0,0,0,0,30.03,0.0,8,0,2.3,0.0,319.92,0.0,8,0,2023-03-20
B0SYNTH0030,B0SYNTH0031,VitaGreen Baby Product 32 - Premium Quality,VIT-SYN-0031,159,0,75,0,235,0,68.0,32.0,100.0,231,108,340,0,0,0,68.0,32.0,100.0,0,0,0,0,0,0,50.95,0.0,12,0,5.37,0.0,479.88,0.0,12,0,2023-12-25
B0SYNTH0030,B0SYNTH0031,VitaGreen Baby Product 32 - Premium Quality,VIT-SYN-0031,56,0,58,0,115,0,49.0,51.0,100.0,100,105,206,0,0,0,49.0,51.0,100.0,0,0,0,0,0,0,20.09,0.0,1,0,1.28,0.0,39.99,0.0,1,0,2023-01-16
B0SYNTH0030,B0SYNTH0031,VitaGreen Baby Product 32 - Premium Quality,VIT-SYN-0031,123,0,219,0,343,0,36.0,64.0,100.0,213,379,593,0,0,0,36.0,64.0,100.0,0,0,0,0,0,0,85.36,0.0,1,0,0.32,0.0,39.99,0.0,1,0,2023-05-08
B0SYNTH0030,B0SYNTH0032,Halley Home & Kitchen Product 33 - Premium Quality,HAL-SYN-0032,113,0,241,0,355,0,32.0,68.0,100.0,136,290,427,0,0,0,32.0,68.0,100.0,0,0,0,0,0,0,26.15,0.0,11,0,3.2,0.0,329.89,0.0,11,0,2022-10-31
B0SYNTH0030,B0SYNTH0032,Halley Home & Kitchen Product 33 - Premium Quality,HAL-SYN-0032,28,0,36,0,65,0,44.0,56.0,100.0,40,50,91,0,0,0,44.0,56.0,100.0,0,0,0,0,0,0,86.88,0.0,1,0,2.13,0.0,29.99,0.0,1,0,2023-07-03
B0SYNTH0030,B0SYNTH0032,Halley Home & Kitchen Product 33 - Premium Quality,HAL-SYN-0032,320,0,261,0,582,0,55.0,45.0,100.0,448,367,816,0,0,0,55.0,45.0,100.0,0,0,0,0,0,0,35.9,0.0,1,0,0.3,0.0,29.99,0.0,1,0,2023-09-25
B0SYNTH0030,B0SYNTH0032,Halley Home & Kitchen Product 33 - Premium Quality,HAL-SYN-0032,48,0,93,0,142,0,34.0,66.0,100.0,80,155,236,0,0,0,34.0,66.0,100.0,0,0,0,0,0,0,53.86,0.0,1,0,1.07,0.0,29.99,0.0,1,0,2023-06-19
B0SYNTH0030,B0SYNTH0032,Halley Home & Kitchen Product 33 - Premium Quality,HAL-SYN-0032,107,0,48,0,156,0,69.0,31.0,100.0,142,63,206,0,0,0,69.0,31.0,100.0,0,0,0,0,0,0,40.84,0.0,4,0,2.58,0.0,119.96,0.0,4,0,2022-12-05
B0SYNTH0030,B0SYNTH0032,Halley Home & Kitchen Product 33 - Premium Quality,HAL-SYN-0032,359,0,639,0,999,0,36.0,64.0,100.0,578,1027,1606,0,0,0,36.0,64.0,100.0,0,0,0,0,0,0,41.11,0.0,11,0,1.18,0.0,329.89,0.0,11,0,2022-09-26
B0SYNTH0030,B0SYNTH0032,Halley Home & Kitchen Product 33 - Premium Quality,HAL-SYN-0032,65,0,36,0,102,0,64.0,36.0,100.0,106,60,167,0,0,0,64.0,36.0,100.0,0,0,0,0,0,0,10.65,0.0,1,0,1.79,0.0,29.99,0.0,1,0,2022-09-12
B0SYNTH0030,B0SYNTH0032,Halley Home & Kitchen Product 33 - Premium Quality,HAL-SYN-0032,460,0,662,0,1123,0,41.0,59.0,100.0,660,949,1610,0,0,0,41.0,59.0,100.0,0,0,0,0,0,0,66.53,0.0,45,0,4.06,0.0,1349.55,0.0,45,0,2023-04-10
B0SYNTH0033,B0SYNTH0033,Harveast Grocery Product 34 - Premium Quality,HAR-SYN-0033,188,0,260,0,449,0,42.0,58.0,100.0,338,468,807,0,0,0,42.0,58.0,100.0,0,0,0,0,0,0,17.85,0.0,37,0,8.25,0.0,1294.63,0.0,37,0,2023-07-17
B0SYNTH0033,B0SYNTH0033,Harveast Grocery Product 34 - Premium Quality,HAR-SYN-0033,62,0,67,0,130,0,48.0,52.0,100.0,85,92,178,0,0,0,48.0,52.0,100.0,0,0,0,0,0,0,21.69,0.0,3,0,2.67,0.0,104.97,0.0,3,0,2023-09-11
B0SYNTH0033,B0SYNTH0033,Harveast Grocery Product 34 - Premium Quality,HAR-SYN-0033,602,0,1342,0,1945,0,31.0,69.0,100.0,936,2084,3021,0,0,0,31.0,69.0,100.0,0,0,0,0,0,0,44.03,0.0,0,0,0.03,0.0,0.0,0.0,0,0,2023-10-02
B0SYNTH0033,B0SYNTH0033,Harveast Grocery Product 34 - Premium Quality,HAR-SYN-0033,654,0,294,0,949,0,69.0,31.0,100.0,810,363,1174,0,0,0,69.0,31.0,100.0,0,0,0,0,0,0,52.85,0.0,186,0,19.68,0.0,6508.14,0.0,186,0,2022-09-26
B0SYNTH0033,B0SYNTH0033,Harveast Grocery Product 34 - Premium Quality,HAR-SYN-0033,2157,0,1266,0,3424,0,63.0,37.0,100.0,3127,1837,4965,0,0,0,63.0,37.0,100.0,0,0,0,0,0,0,70.97,0.0,6,0,0.19,0.0,209.94,0.0,6,0,2023-04-24
B0SYNTH0033,B0SYNTH0033,Harveast Grocery Product 34 - Premium Quality,HAR-SYN-0033,595,0,619,0,1215,0,49.0,51.0,100.0,1029,1072,2102,0,0,0,49.0,51.0,100.0,0,0,0,0,0,0,35.03,0.0,18,0,1.54,0.0,629.82,0.0,18,0,2022-05-09
B0SYNTH0033,B0SYNTH0033,Harveast Grocery Product 34 - Premium Quality,HAR-SYN-0033,597,0,530,0,1128,0,53.0,47.0,100.0,1048,929,1978,0,0,0,53.0,47.0,100.0,0,0,0,0,0,0,80.99,0.0,77,0,6.87,0.0,2694.23,0.0,77,0,2023-05-15
B0SYNTH0033,B0SYNTH0033,Harveast Grocery Product 34 - Premium Quality,HAR-SYN-0033,71,0,42,0,114,0,63.0,37.0,100.0,95,56,152,0,0,0,63.0,37.0,100.0,0,0,0,0,0,0,25.75,0.0,3,0,3.32,0.0,104.97,0.0,3,0,2023-08-07
B0SYNTH0033,B0SYNTH0034,BioBlas Beauty Product 35 - Premium Quality,BIO-SYN-0034,4,0,5,0,10,0,46.0,54.0,100.0,5,6,12,0,0,0,46.0,54.0,100.0,0,0,0,0,0,0,12.49,0.0,0,0,3.85,0.0,0.0,0.0,0,0,2022-11-21
B0SYNTH0033,B0SYNTH0034,BioBlas Beauty Product 35 - Premium Quality,BIO-SYN-0034,178,0,279,0,458,0,39.0,61.0,100.0,237,372,610,0,0,0,39.0,61.0,100.0,0,0,0,0,0,0,36.2,0.0,2,0,0.65,0.0,89.98,0.0,2,0,2022-12-26
B0SYNTH0033,B0SYNTH0034,BioBlas Beauty Product 35 - Premium Quality,BIO-SYN-0034,6,0,3,0,10,0,63.0,37.0,100.0,8,4,13,0,0,0,63.0,37.0,100.0,0,0,0,0,0,0,72.6,0.0,0,0,0.58,0.0,0.0,0.0,0,0,2023-11-06
B0SYNTH0033,B0SYNTH0034,BioBlas Beauty Product 35 - Premium Quality,BIO-SYN-0034,8,0,20,0,29,0,30.0,70.0,100.0,10,24,35,0,0,0,30.0,70.0,100.0,0,0,0,0,0,0,67.54,0.0,0,0,2.75,0.0,0.0,0.0,0,0,2022-05-02
B0SYNTH0033,B0SYNTH0034,BioBlas Beauty Product 35 - Premium Quality,BIO-SYN-0034,132,0,268,0,400,0,33.0,67.0,100.0,221,450,672,0,0,0,33.0,67.0,100.0,0,0,0,0,0,0,51.43,0.0,50,0,12.67,0.0,2249.5,0.0,50,0,2022-10-24
B0SYNTH0033,B0SYNTH0034,BioBlas Beauty Product 35 - Premium Quality,BIO-SYN-0034,41,0,39,0,81,0,51.0,49.0,100.0,71,68,140,0,0,0,51.0,49.0,100.0,0,0,0,0,0,0,59.86,0.0,2,0,2.54,0.0,89.98,0.0,2,0,2023-11-20
B0SYNTH0033,B0SYNTH0034,BioBlas Beauty Product 35 - Premium Quality,BIO-SYN-0034,14,0,7,0,22,0,68.0,32.0,100.0,17,8,26,0,0,0,68.0,32.0,100.0,0,0,0,0,0,0,54.78,0.0,0,0,0.01,0.0,0.0,0.0,0,0,2023-09-04
B0SYNTH0033,B0SYNTH0034,BioBlas Beauty Product 35 - Premium Quality,BIO-SYN-0034,69,0,37,0,107,0,65.0,35.0,100.0,113,61,175,0,0,0,65.0,35.0,100.0,0,0,0,0,0,0,81.19,0.0,0,0,0.25,0.0,0.0,0.0,0,0,2022-11-14
B0SYNTH0033,B0SYNTH0035,OrientTherapy Sports Product 36 - Premium Quality,ORI-SYN-0035,301,0,290,0,592,0,51.0,49.0,100.0,462,443,906,0,0,0,51.0,49.0,100.0,0,0,0,0,0,0,50.57,0.0,1,0,0.28,0.0,24.99,0.0,1,0,2023-10-23
B0SYNTH0033,B0SYNTH0035,OrientTherapy Sports Product 36 - Premium Quality,ORI-SYN-0035,815,0,521,0,1337,0,61.0,39.0,100.0,1396,893,2290,0,0,0,61.0,39.0,100.0,0,0,0,0,0,0,38.21,0.0,0,0,0.04,0.0,0.0,0.0,0,0,2023-01-02
B0SYNTH0033,B0SYNTH0035,OrientTherapy Sports Product 36 - Premium Quality,ORI-SYN-0035,31,0,15,0,47,0,67.0,33.0,100.0,44,22,67,0,0,0,67.0,33.0,100.0,0,0,0,0,0,0,78.77,0.0,1,0,3.9,0.0,24.99,0.0,1,0,2023-09-18
B0SYNTH0033,B0SYNTH0035,OrientTherapy Sports Product 36 - Premium Quality,ORI-SYN-0035,28,0,19,0,48,0,59.0,41.0,100.0,36,25,62,0,0,0,59.0,41.0,100.0,0,0,0,0,0,0,9.87,0.0,1,0,3.96,0.0,24.99,0.0,1,0,2023-11-13
B0SYNTH0033,B0SYNTH0035,OrientTherapy Sports Product 36 - Premium Quality,ORI-SYN-0035,19,0,15,0,35,0,56.0,44.0,100.0,23,18,42,0,0,0,56.0,44.0,100.0,0,0,0,0,0,0,54.1,0.0,5,0,16.69,0.0,124.95,0.0,5,0,2022-05-16
B0SYNTH0033,B0SYNTH0035,OrientTherapy Sports Product 36 - Premium Quality,ORI-SYN-0035,11,0,12,0,24,0,47.0,53.0,100.0,15,17,33,0,0,0,47.0,53.0,100.0,0,0,0,0,0,0,9.16,0.0,2,0,9.64,0.0,49.98,0.0,2,0,2023-06-19
B0SYNTH0033,B0SYNTH0035,OrientTherapy Sports Product 36 - Premium Quality,ORI-SYN-0035,4313,0,6470,0,10784,0,40.0,60.0,100.0,6418,9627,16045,0,0,0,40.0,60.0,100.0,0,0,0,0,0,0,1.76,0.0,392,0,3.64,0.0,9796.08,0.0,392,0,2023-09-04
B0SYNTH0033,B0SYNTH0035,OrientTherapy Sports Product 36 - Premium Quality,ORI-SYN-0035,234,0,454,0,689,0,34.0,66.0,100.0,411,799,1211,0,0,0,34.0,66.0,100.0,0,0,0,0,0,0,48.26,0.0,21,0,3.1,0.0,524.79,0.0,21,0,2022-10-10
B0SYNTH0036,B0SYNTH0036,JumboJumble Health Product 37 - Premium Quality,JUM-SYN-0036,6,0,3,0,10,0,66.0,34.0,100.0,8,4,13,0,0,0,66.0,34.0,100.0,0,0,0,0,0,0,32.94,0.0,0,0,1.57,0.0,0.0,0.0,0,0,2022-11-21
B0SYNTH0036,B0SYNTH0036,JumboJumble Health Product 37 - Premium Quality,JUM-SYN-0036,347,0,590,0,938,0,37.0,63.0,100.0,436,743,1180,0,0,0,37.0,63.0,100.0,0,0,0,0,0,0,57.52,0.0,21,0,2.31,0.0,524.79,0.0,21,0,2022-08-29
B0SYNTH0036,B0SYNTH0036,JumboJumble Health Product 37 - Premium Quality,JUM-SYN-0036,161,0,79,0,241,0,67.0,33.0,100.0,223,109,333,0,0,0,67.0,33.0,100.0,0,0,0,0,0,0,84.97,0.0,4,0,1.98,0.0,99.96,0.0,4,0,2023-11-13
B0SYNTH0036,B0SYNTH0036,JumboJumble Health Product 37 - Premium Quality,JUM-SYN-0036,135,0,125,0,261,0,52.0,48.0,100.0,207,191,399,0,0,0,52.0,48.0,100.0,0,0,0,0,0,0,72.87,0.0,0,0,0.32,0.0,0.0,0.0,0,0,2022-12-19
B0SYNTH0036,B0SYNTH0036,JumboJumble Health Product 37 - Premium Quality,JUM-SYN-0036,112,0,229,0,342,0,33.0,67.0,100.0,201,410,612,0,0,0,33.0,67.0,100.0,0,0,0,0,0,0,75.71,0.0,39,0,11.64,0.0,974.61,0.0,39,0,2023-11-20
B0SYNTH0036,B0SYNTH0036,JumboJumble Health Product 37 - Premium Quality,JUM-SYN-0036,332,0,178,0,511,0,65.0,35.0,100.0,568,305,874,0,0,0,65.0,35.0,100.0,0,0,0,0,0,0,37.84,0.0,15,0,3.13,0.0,374.85,0.0,15,0,2022-11-14
B0SYNTH0036,B0SYNTH0036,JumboJumble Health Product 37 - Premium Quality,JUM-SYN-0036,70,0,164,0,235,0,30.0,70.0,100.0,94,220,315,0,0,0,30.0,70.0,100.0,0,0,0,0,0,0,78.11,0.0,2,0,0.93,0.0,49.98,0.0,2,0,2023-04-10
B0SYNTH0036,B0SYNTH0036,JumboJumble Health Product 37 - Premium Quality,JUM-SYN-0036,172,0,109,0,282,0,61.0,39.0,100.0,287,184,472,0,0,0,61.0,39.0,100.0,0,0,0,0,0,0,7.88,0.0,1,0,0.61,0.0,24.99,0.0,1,0,2022-08-22
B0SYNTH0036,B0SYNTH0037,NaturPlus Clothing Product 38 - Premium Quality,NAT-SYN-0037,1918,0,1996,0,3915,0,49.0,51.0,100.0,2442,2541,4984,0,0,0,49.0,51.0,100.0,0,0,0,0,0,0,40.01,0.0,225,0,5.75,0.0,11247.75,0.0,225,0,2022-11-28
B0SYNTH0036,B0SYNTH0037,NaturPlus Clothing Product 38 - Premium Quality,NAT-SYN-0037,140,0,106,0,247,0,57.0,43.0,100.0,192,144,337,0,0,0,57.0,43.0,100.0,0,0,0,0,0,0,54.98,0.0,14,0,5.81,0.0,699.86,0.0,14,0,2022-09-05
B0SYNTH0036,B0SYNTH0037,NaturPlus Clothing Product 38 - Premium Quality,NAT-SYN-0037,191,0,388,0,580,0,33.0,67.0,100.0,320,649,970,0,0,0,33.0,67.0,100.0,0,0,0,0,0,0,83.52,0.0,52,0,8.97,0.0,2599.48,0.0,52,0,2022-07-11
B0SYNTH0036,B0SYNTH0037,NaturPlus Clothing Product 38 - Premium Quality,NAT-SYN-0037,37,0,48,0,86,0,44.0,56.0,100.0,54,68,123,0,0,0,44.0,56.0,100.0,0,0,0,0,0,0,22.36,0.0,0,0,0.77,0.0,0.0,0.0,0,0,2023-05-08
B0SYNTH0036,B0SYNTH0037,NaturPlus Clothing Product 38 - Premium Quality,NAT-SYN-0037,31,0,50,0,82,0,38.0,62.0,100.0,54,89,144,0,0,0,38.0,62.0,100.0,0,0,0,0,0,0,52.49,0.0,6,0,8.02,0.0,299.94,0.0,6,0,2023-01-30
B0SYNTH0036,B0SYNTH0037,NaturPlus Clothing Product 38 - Premium Quality,NAT-SYN-0037,258,0,179,0,438,0,59.0,41.0,100.0,450,313,764,0,0,0,59.0,41.0,100.0,0,0,0,0,0,0,77.05,0.0,3,0,0.82,0.0,149.97,0.0,3,0,2022-07-18
B0SYNTH0036,B0SYNTH0037,NaturPlus Clothing Product 38 - Premium Quality,NAT-SYN-0037,247,0,202,0,450,0,55.0,45.0,100.0,440,360,801,0,0,0,55.0,45.0,100.0,0,0,0,0,0,0,38.47,0.0,106,0,23.62,0.0,5298.94,0.0,106,0,2023-06-26
B0SYNTH0036,B0SYNTH0037,NaturPlus Clothing Product 38 - Premium Quality,NAT-SYN-0037,91,0,58,0,150,0,61.0,39.0,100.0,164,104,269,0,0,0,61.0,39.0,100.0,0,0,0,0,0,0,95.92,0.0,5,0,3.65,0.0,249.95,0.0,5,0,2023-07-24
B0SYNTH0036,B0SYNTH0038,EcoHome Office Product 39 - Premium Quality,ECO-SYN-0038,2003,0,858,0,2862,0,70.0,30.0,100.0,3313,1420,4734,0,0,0,70.0,30.0,100.0,0,0,0,0,0,0,11.55,0.0,142,0,4.98,0.0,3548.58,0.0,142,0,2022-08-22
B0SYNTH0036,B0SYNTH0038,EcoHome Office Product 39 - Premium Quality,ECO-SYN-0038,104,0,133,0,238,0,44.0,56.0,100.0,146,187,334,0,0,0,44.0,56.0,100.0,0,0,0,0,0,0,46.55,0.0,11,0,4.72,0.0,274.89,0.0,11,0,2022-08-08
B0SYNTH0036,B0SYNTH0038,EcoHome Office Product 39 - Premium Quality,ECO-SYN-0038,13,0,15,0,29,0,46.0,54.0,100.0,21,25,47,0,0,0,46.0,54.0,100.0,0,0,0,0,0,0,39.22,0.0,0,0,0.35,0.0,0.0,0.0,0,0,2023-01-30
B0SYNTH0036,B0SYNTH0038,EcoHome Office Product 39 - Premium Quality,ECO-SYN-0038,52,0,100,0,153,0,34.0,66.0,100.0,78,151,230,0,0,0,34.0,66.0,100.0,0,0,0,0,0,0,91.49,0.0,4,0,3.26,0.0,99.96,0.0,4,0,2023-07-10
B0SYNTH0036,B0SYNTH0038,EcoHome Office Product 39 - Premium Quality,ECO-SYN-0038,97,0,60,0,158,0,62.0,38.0,100.0,129,79,209,0,0,0,62.0,38.0,100.0,0,0,0,0,0,0,76.99,0.0,1,0,0.75,0.0,24.99,0.0,1,0,2023-12-11
B0SYNTH0036,B0SYNTH0038,EcoHome Office Product 39 - Premium Quality,ECO-SYN-0038,97,0,159,0,257,0,38.0,62.0,100.0,154,251,406,0,0,0,38.0,62.0,100.0,0,0,0,0,0,0,47.54,0.0,32,0,12.69,0.0,799.68,0.0,32,0,2023-07-24
B0SYNTH0036,B0SYNTH0038,EcoHome Office Product 39 - Premium Quality,ECO-SYN-0038,47,0,30,0,78,0,61.0,39.0,100.0,78,49,128,0,0,0,61.0,39.0,100.0,0,0,0,0,0,0,73.27,0.0,1,0,1.39,0.0,24.99,0.0,1,0,2022-09-19
B0SYNTH0036,B0SYNTH0038,EcoHome Office Product 39 - Premium Quality,ECO-SYN-0038,53,0,109,0,163,0,33.0,67.0,100.0,96,195,292,0,0,0,33.0,67.0,100.0,0,0,0,0,0,0,54.92,0.0,22,0,13.93,0.0,549.78,0.0,22,0,2023-06-05
B0SYNTH0039,B0SYNTH0039,VitaGreen Baby Product 40 - Premium Quality,VIT-SYN-0039,38,0,47,0,86,0,45.0,55.0,100.0,67,81,149,0,0,0,45.0,55.0,100.0,0,0,0,0,0,0,64.99,0.0,2,0,2.6,0.0,89.98,0.0,2,0,2022-10-24
B0SYNTH0039,B0SYNTH0039,VitaGreen Baby Product 40 - Premium Quality,VIT-SYN-0039,367,0,817,0,1185,0,31.0,69.0,100.0,482,1072,1555,0,0,0,31.0,69.0,100.0,0,0,0,0,0,0,67.05,0.0,56,0,4.75,0.0,2519.44,0.0,56,0,2023-11-13
B0SYNTH0039,B0SYNTH0039,VitaGreen Baby Product 40 - Premium Quality,VIT-SYN-0039,684,0,606,0,1291,0,53.0,47.0,100.0,827,734,1562,0,0,0,53.0,47.0,100.0,0,0,0,0,0,0,7.87,0.0,23,0,1.79,0.0,1034.77,0.0,23,0,2023-06-19
B0SYNTH0039,B0SYNTH0039,VitaGreen Baby Product 40 - Premium Quality,VIT-SYN-0039,1094,0,826,0,1921,0,57.0,43.0,100.0,1558,1175,2734,0,0,0,57.0,43.0,100.0,0,0,0,0,0,0,30.06,0.0,143,0,7.48,0.0,6433.57,0.0,143,0,2023-08-14
B0SYNTH0039,B0SYNTH0039,VitaGreen Baby Product 40 - Premium Quality,VIT-SYN-0039,57,0,73,0,131,0,44.0,56.0,100.0,95,120,216,0,0,0,44.0,56.0,100.0,0,0,0,0,0,0,52.88,0.0,13,0,10.5,0.0,584.87,0.0,13,0,2023-05-15
B0SYNTH0039,B0SYNTH0039,VitaGreen Baby Product 40 - Premium Quality,VIT-SYN-0039,8,0,20,0,29,0,30.0,70.0,100.0,12,28,40,0,0,0,30.0,70.0,100.0,0,0,0,0,0,0,87.29,0.0,0,0,0.09,0.0,0.0,0.0,0,0,2023-03-13
B0SYNTH0039,B0SYNTH0039,VitaGreen Baby Product 40 - Premium Quality,VIT-SYN-0039,565,0,589,0,1155,0,49.0,51.0,100.0,724,753,1478,0,0,0,49.0,51.0,100.0,0,0,0,0,0,0,43.64,0.0,4,0,0.4,0.0,179.96,0.0,4,0,2023-01-16
B0SYNTH0039,B0SYNTH0039,VitaGreen Baby Product 40 - Premium Quality,VIT-SYN-0039,105,0,205,0,311,0,34.0,66.0,100.0,159,310,470,0,0,0,34.0,66.0,100.0,0,0,0,0,0,0,24.53,0.0,24,0,7.76,0.0,1079.76,0.0,24,0,2023-10-30
B0SYNTH0039,B0SYNTH0040,Halley Home & Kitchen Product 41 - Premium Quality,HAL-SYN-0040,60,0,49,0,110,0,55.0,45.0,100.0,73,60,134,0,0,0,55.0,45.0,100.0,0,0,0,0,0,0,20.78,0.0,3,0,2.88,0.0,134.97,0.0,3,0,2022-07-11
B0SYNTH0039,B0SYNTH0040,Halley Home & Kitchen Product 41 - Premium Quality,HAL-SYN-0040,47,0,28,0,76,0,63.0,37.0,100.0,66,38,105,0,0,0,63.0,37.0,100.0,0,0,0,0,0,0,96.33,0.0,3,0,4.22,0.0,134.97,0.0,3,0,2023-09-11
B0SYNTH0039,B0SYNTH0040,Halley Home & Kitchen Product 41 - Premium Quality,HAL-SYN-0040,17,0,23,0,41,0,42.0,58.0,100.0,28,40,69,0,0,0,42.0,58.0,100.0,0,0,0,0,0,0,43.67,0.0,0,0,0.89,0.0,0.0,0.0,0,0,2022-08-01
B0SYNTH0039,B0SYNTH0040,Halley Home & Kitchen Product 41 - Premium Quality,HAL-SYN-0040,7,0,11,0,19,0,42.0,58.0,100.0,13,18,32,0,0,0,42.0,58.0,100.0,0,0,0,0,0,0,78.43,0.0,0,0,3.54,0.0,0.0,0.0,0,0,2023-05-29
B0SYNTH0039,B0SYNTH0040,Halley Home & Kitchen Product 41 - Premium Quality,HAL-SYN-0040,1752,0,3723,0,5476,0,32.0,68.0,100.0,2418,5138,7557,0,0,0,32.0,68.0,100.0,0,0,0,0,0,0,23.55,0.0,86,0,1.58,0.0,3869.14,0.0,86,0,2023-06-19
B0SYNTH0039,B0SYNTH0040,Halley Home & Kitchen Product 41 - Premium Quality,HAL-SYN-0040,418,0,187,0,606,0,69.0,31.0,100.0,535,240,776,0,0,0,69.0,31.0,100.0,0,0,0,0,0,0,52.67,0.0,19,0,3.17,0.0,854.81,0.0,19,0,2023-08-07
B0SYNTH0039,B0SYNTH0040,Halley Home & Kitchen Product 41 - Premium Quality,HAL-SYN-0040,56,0,84,0,140,0,40.0,60.0,100.0,79,119,199,0,0,0,40.0,60.0,100.0,0,0,0,0,0,0,42.26,0.0,5,0,3.8,0.0,224.95,0.0,5,0,2023-01-30
B0SYNTH0039,B0SYNTH0040,Halley Home & Kitchen Product 41 - Premium Quality,HAL-SYN-0040,28,0,49,0,78,0,36.0,64.0,100.0,39,69,109,0,0,0,36.0,64.0,100.0,0,0,0,0,0,0,93.22,0.0,0,0,0.87,0.0,0.0,0.0,0,0,2022-07-18
B0SYNTH0039,B0SYNTH0041,Harveast Grocery Product 42 - Premium Quality,HAR-SYN-0041,58,0,130,0,189,0,31.0,69.0,100.0,80,178,259,0,0,0,31.0,69.0,100.0,0,0,0,0,0,0,40.53,0.0,1,0,0.54,0.0,89.99,0.0,1,0,2023-04-03
B0SYNTH0039,B0SYNTH0041,Harveast Grocery Product 42 - Premium Quality,HAR-SYN-0041,1189,0,2024,0,3214,0,37.0,63.0,100.0,1493,2542,4036,0,0,0,37.0,63.0,100.0,0,0,0,0,0,0,91.28,0.0,183,0,5.7,0.0,16468.17,0.0,183,0,2022-06-06
B0SYNTH0039,B0SYNTH0041,Harveast Grocery Product 42 - Premium Quality,HAR-SYN-0041,57,0,105,0,163,0,35.0,65.0,100.0,86,159,246,0,0,0,35.0,65.0,100.0,0,0,0,0,0,0,18.26,0.0,1,0,1.13,0.0,89.99,0.0,1,0,2023-07-17
B0SYNTH0039,B0SYNTH0041,Harveast Grocery Product 42 - Premium Quality,HAR-SYN-0041,112,0,95,0,208,0,54.0,46.0,100.0,141,120,262,0,0,0,54.0,46.0,100.0,0,0,0,0,0,0,52.42,0.0,5,0,2.88,0.0,449.95,0.0,5,0,2023-02-20
B0SYNTH0039,B0SYNTH0041,Harveast Grocery Product 42 - Premium Quality,HAR-SYN-0041,3,0,6,0,10,0,35.0,65.0,100.0,5,11,17,0,0,0,35.0,65.0,100.0,0,0,0,0,0,0,55.36,0.0,0,0,8.76,0.0,0.0,0.0,0,0,2023-06-19
B0SYNTH0039,B0SYNTH0041,Harveast Grocery Product 42 - Premium Quality,HAR-SYN-0041,64,0,40,0,105,0,61.0,39.0,100.0,89,56,146,0,0,0,61.0,39.0,100.0,0,0,0,0,0,0,47.25,0.0,2,0,2.07,0.0,179.98,0.0,2,0,2023-01-02
B0SYNTH0039,B0SYNTH0041,Harveast Grocery Product 42 - Premium Quality,HAR-SYN-0041,105,0,195,0,301,0,35.0,65.0,100.0,162,302,465,0,0,0,35.0,65.0,100.0,0,0,0,0,0,0,9.14,0.0,3,0,1.2,0.0,269.97,0.0,3,0,2022-12-26
B0SYNTH0039,B0SYNTH0041,Harveast Grocery Product 42 - Premium Quality,HAR-SYN-0041,68,0,60,0,129,0,53.0,47.0,100.0,84,75,160,0,0,0,53.0,47.0,100.0,0,0,0,0,0,0,20.18,0.0,0,0,0.47,0.0,0.0,0.0,0,0,2022-04-18
B0SYNTH0042,B0SYNTH0042,BioBlas Beauty Product 43 - Premium Quality,BIO-SYN-0042,70,0,64,0,135,0,52.0,48.0,100.0,122,112,235,0,0,0,52.0,48.0,100.0,0,0,0,0,0,0,21.61,0.0,5,0,4.11,0.0,199.95,0.0,5,0,2022-05-16
B0SYNTH0042,B0SYNTH0042,BioBlas Beauty Product 43 - Premium Quality,BIO-SYN-0042,179,0,141,0,321,0,56.0,44.0,100.0,226,177,404,0,0,0,56.0,44.0,100.0,0,0,0,0,0,0,46.88,0.0,3,0,1.04,0.0,119.97,0.0,3,0,2022-12-05
B0SYNTH0042,B0SYNTH0042,BioBlas Beauty Product 43 - Premium Quality,BIO-SYN-0042,75,0,88,0,164,0,46.0,54.0,100.0,132,155,288,0,0,0,46.0,54.0,100.0,0,0,0,0,0,0,20.23,0.0,27,0,16.92,0.0,1079.73,0.0,27,0,2023-01-02
B0SYNTH0042,B0SYNTH0042,BioBlas Beauty Product 43 - Premium Quality,BIO-SYN-0042,110,0,151,0,262,0,42.0,58.0,100.0,189,262,452,0,0,0,42.0,58.0,100.0,0,0,0,0,0,0,25.13,0.0,22,0,8.42,0.0,879.78,0.0,22,0,2023-08-07
B0SYNTH0042,B0SYNTH0042,BioBlas Beauty Product 43 - Premium Quality,BIO-SYN-0042,3,0,6,0,10,0,34.0,66.0,100.0,4,8,13,0,0,0,34.0,66.0,100.0,0,0,0,0,0,0,60.83,0.0,0,0,3.72,0.0,0.0,0.0,0,0,2023-07-31
B0SYNTH0042,B0SYNTH0042,BioBlas Beauty Product 43 - Premium Quality,BIO-SYN-0042,31,0,20,0,52,0,60.0,40.0,100.0,39,26,66,0,0,0,60.0,40.0,100.0,0,0,0,0,0,0,49.72,0.0,2,0,4.19,0.0,79.98,0.0,2,0,2022-06-13
B0SYNTH0042,B0SYNTH0042,BioBlas Beauty Product 43 - Premium Quality,BIO-SYN-0042,44,0,85,0,130,0,34.0,66.0,100.0,77,151,229,0,0,0,34.0,66.0,100.0,0,0,0,0,0,0,61.95,0.0,0,0,0.23,0.0,0.0,0.0,0,0,2023-08-28
B0SYNTH0042,B0SYNTH0042,BioBlas Beauty Product 43 - Premium Quality,BIO-SYN-0042,90,0,210,0,300,0,30.0,70.0,100.0,156,364,520,0,0,0,30.0,70.0,100.0,0,0,0,0,0,0,66.91,0.0,13,0,4.53,0.0,519.87,0.0,13,0,2023-12-11
B0SYNTH0042,B0SYNTH0043,OrientTherapy Sports Product 44 - Premium Quality,ORI-SYN-0043,328,0,279,0,608,0,54.0,46.0,100.0,504,429,934,0,0,0,54.0,46.0,100.0,0,0,0,0,0,0,48.8,0.0,85,0,14.02,0.0,1699.15,0.0,85,0,2022-05-09
B0SYNTH0042,B0SYNTH0043,OrientTherapy Sports Product 44 - Premium Quality,ORI-SYN-0043,88,0,54,0,143,0,62.0,38.0,100.0,110,67,178,0,0,0,62.0,38.0,100.0,0,0,0,0,0,0,61.0,0.0,1,0,0.78,0.0,19.99,0.0,1,0,2023-05-29
B0SYNTH0042,B0SYNTH0043,OrientTherapy Sports Product 44 - Premium Quality,ORI-SYN-0043,45,0,78,0,124,0,37.0,63.0,100.0,72,124,197,0,0,0,37.0,63.0,100.0,0,0,0,0,0,0,33.52,0.0,5,0,4.1,0.0,99.95,0.0,5,0,2023-02-20
B0SYNTH0042,B0SYNTH0043,OrientTherapy Sports Product 44 - Premium Quality,ORI-SYN-0043,29,0,26,0,56,0,53.0,47.0,100.0,50,45,96,0,0,0,53.0,47.0,100.0,0,0,0,0,0,0,73.13,0.0,1,0,3.49,0.0,19.99,0.0,1,0,2023-03-27
B0SYNTH0042,B0SYNTH0043,OrientTherapy Sports Product 44 - Premium Quality,ORI-SYN-0043,230,0,188,0,419,0,55.0,45.0,100.0,278,228,507,0,0,0,55.0,45.0,100.0,0,0,0,0,0,0,27.81,0.0,9,0,2.25,0.0,179.91,0.0,9,0,2023-07-31
B0SYNTH0042,B0SYNTH0043,OrientTherapy Sports Product 44 - Premium Quality,ORI-SYN-0043,3,0,6,0,10,0,39.0,61.0,100.0,6,9,16,0,0,0,39.0,61.0,100.0,0,0,0,0,0,0,67.28,0.0,0,0,5.39,0.0,0.0,0.0,0,0,2022-07-04
B0SYNTH0042,B0SYNTH0043,OrientTherapy Sports Product 44 - Premium Quality,ORI-SYN-0043,137,0,233,0,371,0,37.0,63.0,100.0,243,414,658,0,0,0,37.0,63.0,100.0,0,0,0,0,0,0,94.93,0.0,1,0,0.49,0.0,19.99,0.0,1,0,2022-11-21
B0SYNTH0042,B0SYNTH0043,OrientTherapy Sports Product 44 - Premium Quality,ORI-SYN-0043,814,0,438,0,1253,0,65.0,35.0,100.0,1225,660,1886,0,0,0,65.0,35.0,100.0,0,0,0,0,0,0,42.39,0.0,118,0,9.46,0.0,2358.82,0.0,118,0,2022-08-22
B0SYNTH0042,B0SYNTH0044,JumboJumble Health Product 45 - Premium Quality,JUM-SYN-0044,73,0,68,0,142,0,52.0,48.0,100.0,91,84,175,0,0,0,52.0,48.0,100.0,0,0,0,0,0,0,55.86,0.0,6,0,4.85,0.0,359.94,0.0,6,0,2023-04-03
B0SYNTH0042,B0SYNTH0044,JumboJumble Health Product 45 - Premium Quality,JUM-SYN-0044,54,0,89,0,144,0,38.0,62.0,100.0,87,142,230,0,0,0,38.0,62.0,100.0,0,0,0,0,0,0,17.5,0.0,1,0,1.27,0.0,59.99,0.0,1,0,2022-04-04
B0SYNTH0042,B0SYNTH0044,JumboJumble Health Product 45 - Premium Quality,JUM-SYN-0044,46,0,76,0,123,0,38.0,62.0,100.0,70,115,186,0,0,0,38.0,62.0,100.0,0,0,0,0,0,0,44.87,0.0,5,0,4.21,0.0,299.95,0.0,5,0,2023-12-04
B0SYNTH0042,B0SYNTH0044,JumboJumble Health Product 45 - Premium Quality,JUM-SYN-0044,146,0,187,0,334,0,44.0,56.0,100.0,211,269,481,0,0,0,44.0,56.0,100.0,0,0,0,0,0,0,93.44,0.0,1,0,0.58,0.0,59.99,0.0,1,0,2023-07-10
B0SYNTH0042,B0SYNTH0044,JumboJumble Health Product 45 - Premium Quality,JUM-SYN-0044,19,0,16,0,36,0,54.0,46.0,100.0,33,28,62,0,0,0,54.0,46.0,100.0,0,0,0,0,0,0,29.86,0.0,0,0,1.38,0.0,0.0,0.0,0,0,2022-11-28
B0SYNTH0042,B0SYNTH0044,JumboJumble Health Product 45 - Premium Quality,JUM-SYN-0044,168,0,232,0,400,0,42.0,58.0,100.0,226,312,539,0,0,0,42.0,58.0,100.0,0,0,0,0,0,0,10.81,0.0,3,0,0.76,0.0,179.97,0.0,3,0,2023-08-28
B0SYNTH0042,B0SYNTH0044,JumboJumble Health Product 45 - Premium Quality,JUM-SYN-0044,42,0,23,0,66,0,64.0,36.0,100.0,53,30,84,0,0,0,64.0,36.0,100.0,0,0,0,0,0,0,48.69,0.0,2,0,3.06,0.0,119.98,0.0,2,0,2022-09-19
B0SYNTH0042,B0SYNTH0044,JumboJumble Health Product 45 - Premium Quality,JUM-SYN-0044,10,0,11,0,22,0,47.0,53.0,100.0,15,18,34,0,0,0,47.0,53.0,100.0,0,0,0,0,0,0,81.24,0.0,0,0,2.33,0.0,0.0,0.0,0,0,2023-06-19
B0SYNTH0045,B0SYNTH0045,NaturPlus Clothing Product 46 - Premium Quality,NAT-SYN-0045,3,0,6,0,10,0,35.0,65.0,100.0,4,8,13,0,0,0,35.0,65.0,100.0,0,0,0,0,0,0,63.65,0.0,0,0,1.53,0.0,0.0,0.0,0,0,2023-06-19
B0SYNTH0045,B0SYNTH0045,NaturPlus Clothing Product 46 - Premium Quality,NAT-SYN-0045,7,0,6,0,14,0,56.0,44.0,100.0,9,7,17,0,0,0,56.0,44.0,100.0,0,0,0,0,0,0,91.42,0.0,0,0,3.65,0.0,0.0,0.0,0,0,2022-04-04
B0SYNTH0045,B0SYNTH0045,NaturPlus Clothing Product 46 - Premium Quality,NAT-SYN-0045,2928,0,2208,0,5137,0,57.0,43.0,100.0,3746,2825,6572,0,0,0,57.0,43.0,100.0,0,0,0,0,0,0,81.17,0.0,70,0,1.37,0.0,5249.3,0.0,70,0,2022-07-11
B0SYNTH0045,B0SYNTH0045,NaturPlus Clothing Product 46 - Premium Quality,NAT-SYN-0045,185,0,393,0,579,0,32.0,68.0,100.0,333,707,1041,0,0,0,32.0,68.0,100.0,0,0,0,0,0,0,53.1,0.0,29,0,5.16,0.0,2174.71,0.0,29,0,2023-03-27
B0SYNTH0045,B0SYNTH0045,NaturPlus Clothing Product 46 - Premium Quality,NAT-SYN-0045,382,0,255,0,638,0,60.0,40.0,100.0,627,418,1045,0,0,0,60.0,40.0,100.0,0,0,0,0,0,0,61.49,0.0,46,0,7.36,0.0,3449.54,0.0,46,0,2023-09-11
B0SYNTH0045,B0SYNTH0045,NaturPlus Clothing Product 46 - Premium Quality,NAT-SYN-0045,49,0,37,0,87,0,57.0,43.0,100.0,63,47,111,0,0,0,57.0,43.0,100.0,0,0,0,0,0,0,34.45,0.0,3,0,3.77,0.0,224.97,0.0,3,0,2022-09-19
B0SYNTH0045,B0SYNTH0045,NaturPlus Clothing Product 46 - Premium Quality,NAT-SYN-0045,7,0,11,0,19,0,39.0,61.0,100.0,12,20,33,0,0,0,39.0,61.0,100.0,0,0,0,0,0,0,24.91,0.0,0,0,1.64,0.0,0.0,0.0,0,0,2022-11-14
B0SYNTH0045,B0SYNTH0045,NaturPlus Clothing Product 46 - Premium Quality,NAT-SYN-0045,460,0,407,0,868,0,53.0,47.0,100.0,731,649,1381,0,0,0,53.0,47.0,100.0,0,0,0,0,0,0,19.88,0.0,27,0,3.14,0.0,2024.73,0.0,27,0,2023-12-11
B0SYNTH0045,B0SYNTH0046,EcoHome Office Product 47 - Premium Quality,ECO-SYN-0046,50,0,90,0,141,0,36.0,64.0,100.0,82,147,230,0,0,0,36.0,64.0,100.0,0,0,0,0,0,0,35.08,0.0,1,0,0.95,0.0,24.99,0.0,1,0,2022-07-11
B0SYNTH0045,B0SYNTH0046,EcoHome Office Product 47 - Premium Quality,ECO-SYN-0046,505,0,323,0,829,0,61.0,39.0,100.0,869,556,1426,0,0,0,61.0,39.0,100.0,0,0,0,0,0,0,58.11,0.0,83,0,10.11,0.0,2074.17,0.0,83,0,2023-12-18
B0SYNTH0045,B0SYNTH0046,EcoHome Office Product 47 - Premium Quality,ECO-SYN-0046,128,0,169,0,298,0,43.0,57.0,100.0,185,245,431,0,0,0,43.0,57.0,100.0,0,0,0,0,0,0,61.33,0.0,13,0,4.56,0.0,324.87,0.0,13,0,2022-04-11
B0SYNTH0045,B0SYNTH0046,EcoHome Office Product 47 - Premium Quality,ECO-SYN-0046,259,0,203,0,463,0,56.0,44.0,100.0,416,327,744,0,0,0,56.0,44.0,100.0,0,0,0,0,0,0,35.11,0.0,1,0,0.29,0.0,24.99,0.0,1,0,2023-04-03
B0SYNTH0045,B0SYNTH0046,EcoHome Office Product 47 - Premium Quality,ECO-SYN-0046,68,0,74,0,143,0,48.0,52.0,100.0,90,97,188,0,0,0,48.0,52.0,100.0,0,0,0,0,0,0,55.71,0.0,0,0,0.01,0.0,0.0,0.0,0,0,2022-07-04
B0SYNTH0045,B0SYNTH0046,EcoHome Office Product 47 - Premium Quality,ECO-SYN-0046,86,0,71,0,158,0,55.0,45.0,100.0,114,94,209,0,0,0,55.0,45.0,100.0,0,0,0,0,0,0,58.28,0.0,0,0,0.56,0.0,0.0,0.0,0,0,2023-01-30
B0SYNTH0045,B0SYNTH0046,EcoHome Office Product 47 - Premium Quality,ECO-SYN-0046,36,0,45,0,82,0,44.0,56.0,100.0,62,78,141,0,0,0,44.0,56.0,100.0,0,0,0,0,0,0,9.77,0.0,0,0,0.84,0.0,0.0,0.0,0,0,2022-10-03
B0SYNTH0045,B0SYNTH0046,EcoHome Office Product 47 - Premium Quality,ECO-SYN-0046,2001,0,1125,0,3127,0,64.0,36.0,100.0,3196,1798,4995,0,0,0,64.0,36.0,100.0,0,0,0,0,0,0,46.74,0.0,20,0,0.67,0.0,499.8,0.0,20,0,2023-05-08
B0SYNTH0045,B0SYNTH0047,VitaGreen Baby Product 48 - Premium Quality,VIT-SYN-0047,140,0,299,0,440,0,32.0,68.0,100.0,243,518,762,0,0,0,32.0,68.0,100.0,0,0,0,0,0,0,29.72,0.0,5,0,1.22,0.0,249.95,0.0,5,0,2023-06-12
B0SYNTH0045,B0SYNTH0047,VitaGreen Baby Product 48 - Premium Quality,VIT-SYN-0047,975,0,2071,0,3047,0,32.0,68.0,100.0,1438,3056,4495,0,0,0,32.0,68.0,100.0,0,0,0,0,0,0,7.07,0.0,11,0,0.38,0.0,549.89,0.0,11,0,2022-12-05
B0SYNTH0045,B0SYNTH0047,VitaGreen Baby Product 48 - Premium Quality,VIT-SYN-0047,19,0,27,0,47,0,42.0,58.0,100.0,28,39,68,0,0,0,42.0,58.0,100.0,0,0,0,0,0,0,70.83,0.0,1,0,2.24,0.0,49.99,0.0,1,0,2023-04-24
B0SYNTH0045,B0SYNTH0047,VitaGreen Baby Product 48 - Premium Quality,VIT-SYN-0047,182,0,98,0,280,0,65.0,35.0,100.0,233,125,359,0,0,0,65.0,35.0,100.0,0,0,0,0,0,0,75.07,0.0,8,0,3.21,0.0,399.92,0.0,8,0,2022-05-16
B0SYNTH0045,B0SYNTH0047,VitaGreen Baby Product 48 - Premium Quality,VIT-SYN-0047,35,0,51,0,87,0,41.0,59.0,100.0,51,74,126,0,0,0,41.0,59.0,100.0,0,0,0,0,0,0,11.35,0.0,1,0,1.69,0.0,49.99,0.0,1,0,2022-11-14
B0SYNTH0045,B0SYNTH0047,VitaGreen Baby Product 48 - Premium Quality,VIT-SYN-0047,155,0,345,0,501,0,31.0,69.0,100.0,259,577,837,0,0,0,31.0,69.0,100.0,0,0,0,0,0,0,77.44,0.0,42,0,8.41,0.0,2099.58,0.0,42,0,2022-04-04
B0SYNTH0045,B0SYNTH0047,VitaGreen Baby Product 48 - Premium Quality,VIT-SYN-0047,12,0,12,0,25,0,51.0,49.0,100.0,19,18,38,0,0,0,51.0,49.0,100.0,0,0,0,0,0,0,80.64,0.0,0,0,0.4,0.0,0.0,0.0,0,0,2023-05-22
B0SYNTH0045,B0SYNTH0047,VitaGreen Baby Product 48 - Premium Quality,VIT-SYN-0047,73,0,92,0,166,0,44.0,56.0,100.0,115,147,263,0,0,0,44.0,56.0,100.0,0,0,0,0,0,0,26.33,0.0,7,0,4.23,0.0,349.93,0.0,7,0,2022-08-22
B0SYNTH0048,B0SYNTH0048,Halley Home & Kitchen Product 49 - Premium Quality,HAL-SYN-0048,407,0,423,0,831,0,49.0,51.0,100.0,595,619,1215,0,0,0,49.0,51.0,100.0,0,0,0,0,0,0,88.29,0.0,57,0,6.88,0.0,1424.43,0.0,57,0,2023-05-08
B0SYNTH0048,B0SYNTH0048,Halley Home & Kitchen Product 49 - Premium Quality,HAL-SYN-0048,226,0,419,0,646,0,35.0,65.0,100.0,376,700,1077,0,0,0,35.0,65.0,100.0,0,0,0,0,0,0,28.37,0.0,34,0,5.4,0.0,849.66,0.0,34,0,2022-09-26
B0SYNTH0048,B0SYNTH0048,Halley Home & Kitchen Product 49 - Premium Quality,HAL-SYN-0048,524,0,411,0,936,0,56.0,44.0,100.0,749,589,1339,0,0,0,56.0,44.0,100.0,0,0,0,0,0,0,57.72,0.0,16,0,1.81,0.0,399.84,0.0,16,0,2023-12-11
B0SYNTH0048,B0SYNTH0048,Halley Home & Kitchen Product 49 - Premium Quality,HAL-SYN-0048,17,0,8,0,26,0,69.0,31.0,100.0,26,12,39,0,0,0,69.0,31.0,100.0,0,0,0,0,0,0,59.11,0.0,1,0,5.52,0.0,24.99,0.0,1,0,2022-12-05
B0SYNTH0048,B0SYNTH0048,Halley Home & Kitchen Product 49 - Premium Quality,HAL-SYN-0048,52,0,41,0,94,0,56.0,44.0,100.0,67,52,120,0,0,0,56.0,44.0,100.0,0,0,0,0,0,0,68.85,0.0,7,0,7.74,0.0,174.93,0.0,7,0,2023-06-05
B0SYNTH0048,B0SYNTH0048,Halley Home & Kitchen Product 49 - Premium Quality,HAL-SYN-0048,19,0,28,0,48,0,41.0,59.0,100.0,27,40,68,0,0,0,41.0,59.0,100.0,0,0,0,0,0,0,50.28,0.0,0,0,0.57,0.0,0.0,0.0,0,0,2023-03-13
B0SYNTH0048,B0SYNTH0048,Halley Home & Kitchen Product 49 - Premium Quality,HAL-SYN-0048,54,0,82,0,137,0,40.0,60.0,100.0,68,103,172,0,0,0,40.0,60.0,100.0,0,0,0,0,0,0,56.23,0.0,1,0,1.11,0.0,24.99,0.0,1,0,2022-11-28
B0SYNTH0048,B0SYNTH0048,Halley Home & Kitchen Product 49 - Premium Quality,HAL-SYN-0048,152,0,86,0,239,0,64.0,36.0,100.0,230,129,360,0,0,0,64.0,36.0,100.0,0,0,0,0,0,0,62.41,0.0,7,0,3.29,0.0,174.93,0.0,7,0,2022-08-22
B0SYNTH0048,B0SYNTH0049,Harveast Grocery Product 50 - Premium Quality,HAR-SYN-0049,116,0,174,0,290,0,40.0,60.0,100.0,156,234,390,0,0,0,40.0,60.0,100.0,0,0,0,0,0,0,9.04,0.0,18,0,6.39,0.0,1349.82,0.0,18,0,2023-01-02
B0SYNTH0048,B0SYNTH0049,Harveast Grocery Product 50 - Premium Quality,HAR-SYN-0049,453,0,213,0,667,0,68.0,32.0,100.0,797,375,1173,0,0,0,68.0,32.0,100.0,0,0,0,0,0,0,33.31,0.0,10,0,1.5,0.0,749.9,0.0,10,0,2023-03-27
B0SYNTH0048,B0SYNTH0049,Harveast Grocery Product 50 - Premium Quality,HAR-SYN-0049,51,0,28,0,80,0,64.0,36.0,100.0,78,44,123,0,0,0,64.0,36.0,100.0,0,0,0,0,0,0,44.6,0.0,3,0,4.57,0.0,224.97,0.0,3,0,2022-04-18
B0SYNTH0048,B0SYNTH0049,Harveast Grocery Product 50 - Premium Quality,HAR-SYN-0049,115,0,56,0,172,0,67.0,33.0,100.0,201,99,301,0,0,0,67.0,33.0,100.0,0,0,0,0,0,0,47.1,0.0,10,0,5.86,0.0,749.9,0.0,10,0,2022-05-30
B0SYNTH0048,B0SYNTH0049,Harveast Grocery Product 50 - Premium Quality,HAR-SYN-0049,809,0,661,0,1471,0,55.0,45.0,100.0,1444,1182,2627,0,0,0,55.0,45.0,100.0,0,0,0,0,0,0,63.42,0.0,39,0,2.71,0.0,2924.61,0.0,39,0,2023-08-21
B0SYNTH0048,B0SYNTH0049,Harveast Grocery Product 50 - Premium Quality,HAR-SYN-0049,33,0,78,0,112,0,30.0,70.0,100.0,59,138,198,0,0,0,30.0,70.0,100.0,0,0,0,0,0,0,69.42,0.0,1,0,1.33,0.0,74.99,0.0,1,0,2022-07-04
B0SYNTH0048,B0SYNTH0049,Harveast Grocery Product 50 - Premium Quality,HAR-SYN-0049,101,0,134,0,236,0,43.0,57.0,100.0,163,216,380,0,0,0,43.0,57.0,100.0,0,0,0,0,0,0,60.45,0.0,9,0,4.01,0.0,674.91,0.0,9,0,2022-10-31
B0SYNTH0048,B0SYNTH0049,Harveast Grocery Product 50 - Premium Quality,HAR-SYN-0049,297,0,275,0,573,0,52.0,48.0,100.0,458,423,882,0,0,0,52.0,48.0,100.0,0,0,0,0,0,0,56.54,0.0,8,0,1.45,0.0,599.92,0.0,8,0,2022-12-12
